--
-- PostgreSQL database dump
--

\restrict HmqTw10FwxFhLLPe0kj9hV6gyR0Sy2BJbvYo1GshUdgWq7a9AW8jFsJLa2PpMv5

-- Dumped from database version 18.4
-- Dumped by pg_dump version 18.4

-- Started on 2026-06-24 18:47:24

SET statement_timeout = 0;
SET lock_timeout = 0;
SET idle_in_transaction_session_timeout = 0;
SET transaction_timeout = 0;
SET client_encoding = 'UTF8';
SET standard_conforming_strings = on;
SELECT pg_catalog.set_config('search_path', '', false);
SET check_function_bodies = false;
SET xmloption = content;
SET client_min_messages = warning;
SET row_security = off;

--
-- TOC entry 5 (class 2615 OID 2200)
-- Name: public; Type: SCHEMA; Schema: -; Owner: krish
--

-- *not* creating schema, since initdb creates it


ALTER SCHEMA public OWNER TO krish;

--
-- TOC entry 5248 (class 0 OID 0)
-- Dependencies: 5
-- Name: SCHEMA public; Type: COMMENT; Schema: -; Owner: krish
--

COMMENT ON SCHEMA public IS '';


--
-- TOC entry 251 (class 1255 OID 19173)
-- Name: returntable(text, text); Type: FUNCTION; Schema: public; Owner: krish
--

CREATE FUNCTION public.returntable(itemlist text, delimiter_char text) RETURNS TABLE(value character varying)
    LANGUAGE plpgsql
    AS $$
BEGIN
    RETURN QUERY
    SELECT unnest(string_to_array(itemlist, delimiter_char))::character varying;
END;
$$;


ALTER FUNCTION public.returntable(itemlist text, delimiter_char text) OWNER TO krish;

SET default_tablespace = '';

SET default_table_access_method = heap;

--
-- TOC entry 219 (class 1259 OID 19174)
-- Name: comment_attachments; Type: TABLE; Schema: public; Owner: postgres
--

CREATE TABLE public.comment_attachments (
    attachment_id bigint NOT NULL,
    comment_id bigint NOT NULL,
    file_name character varying(255) NOT NULL,
    stored_name character varying(255) NOT NULL,
    mime_type character varying(150),
    file_size bigint,
    uploaded_at timestamp without time zone DEFAULT CURRENT_TIMESTAMP
);


ALTER TABLE public.comment_attachments OWNER TO postgres;

--
-- TOC entry 220 (class 1259 OID 19184)
-- Name: comment_attachments_attachment_id_seq; Type: SEQUENCE; Schema: public; Owner: postgres
--

ALTER TABLE public.comment_attachments ALTER COLUMN attachment_id ADD GENERATED BY DEFAULT AS IDENTITY (
    SEQUENCE NAME public.comment_attachments_attachment_id_seq
    START WITH 1
    INCREMENT BY 1
    NO MINVALUE
    NO MAXVALUE
    CACHE 1
);


--
-- TOC entry 221 (class 1259 OID 19185)
-- Name: companies; Type: TABLE; Schema: public; Owner: postgres
--

CREATE TABLE public.companies (
    company_id bigint NOT NULL,
    company_name character varying(255) NOT NULL,
    company_code character varying(50) NOT NULL,
    email character varying(255),
    phone character varying(20),
    address text,
    is_active boolean DEFAULT true,
    update_timestamp timestamp without time zone DEFAULT CURRENT_TIMESTAMP,
    is_deleted boolean DEFAULT false,
    logo_url text,
    email_domain character varying(100),
    favicon_url text,
    helpdesk_title character varying(255),
    title_link text,
    smtp_host character varying(255),
    smtp_port integer,
    smtp_user character varying(255),
    smtp_pass character varying(255),
    email_from_name character varying(255),
    welcome_subject character varying(255),
    welcome_template text
);


ALTER TABLE public.companies OWNER TO postgres;

--
-- TOC entry 222 (class 1259 OID 19196)
-- Name: companies_company_id_seq; Type: SEQUENCE; Schema: public; Owner: postgres
--

CREATE SEQUENCE public.companies_company_id_seq
    START WITH 1
    INCREMENT BY 1
    NO MINVALUE
    NO MAXVALUE
    CACHE 1;


ALTER SEQUENCE public.companies_company_id_seq OWNER TO postgres;

--
-- TOC entry 5250 (class 0 OID 0)
-- Dependencies: 222
-- Name: companies_company_id_seq; Type: SEQUENCE OWNED BY; Schema: public; Owner: postgres
--

ALTER SEQUENCE public.companies_company_id_seq OWNED BY public.companies.company_id;


--
-- TOC entry 223 (class 1259 OID 19197)
-- Name: departments; Type: TABLE; Schema: public; Owner: postgres
--

CREATE TABLE public.departments (
    department_id bigint NOT NULL,
    department_name character varying(100) NOT NULL,
    is_active boolean DEFAULT true,
    update_timestamp timestamp without time zone DEFAULT CURRENT_TIMESTAMP,
    company_code character varying(50) NOT NULL
);


ALTER TABLE public.departments OWNER TO postgres;

--
-- TOC entry 224 (class 1259 OID 19205)
-- Name: departments_department_id_seq; Type: SEQUENCE; Schema: public; Owner: postgres
--

CREATE SEQUENCE public.departments_department_id_seq
    START WITH 1
    INCREMENT BY 1
    NO MINVALUE
    NO MAXVALUE
    CACHE 1;


ALTER SEQUENCE public.departments_department_id_seq OWNER TO postgres;

--
-- TOC entry 5251 (class 0 OID 0)
-- Dependencies: 224
-- Name: departments_department_id_seq; Type: SEQUENCE OWNED BY; Schema: public; Owner: postgres
--

ALTER SEQUENCE public.departments_department_id_seq OWNED BY public.departments.department_id;


--
-- TOC entry 250 (class 1259 OID 19513)
-- Name: email_configs; Type: TABLE; Schema: public; Owner: krish
--

CREATE TABLE public.email_configs (
    id integer NOT NULL,
    company_code character varying(255) NOT NULL,
    config_name character varying(255) NOT NULL,
    smtp_host character varying(255),
    smtp_port integer,
    smtp_user character varying(255),
    smtp_pass character varying(255),
    email_from_name character varying(255),
    welcome_subject character varying(255),
    welcome_template text,
    send_welcome_email boolean DEFAULT true,
    send_ticket_assignment_email boolean DEFAULT true,
    send_chat_reply_email boolean DEFAULT true,
    send_ticket_update_email boolean DEFAULT true,
    send_reply_email boolean DEFAULT true,
    is_active boolean DEFAULT false,
    created_timestamp timestamp without time zone DEFAULT CURRENT_TIMESTAMP,
    update_timestamp timestamp without time zone DEFAULT CURRENT_TIMESTAMP
);


ALTER TABLE public.email_configs OWNER TO krish;

--
-- TOC entry 249 (class 1259 OID 19512)
-- Name: email_configs_id_seq; Type: SEQUENCE; Schema: public; Owner: krish
--

CREATE SEQUENCE public.email_configs_id_seq
    AS integer
    START WITH 1
    INCREMENT BY 1
    NO MINVALUE
    NO MAXVALUE
    CACHE 1;


ALTER SEQUENCE public.email_configs_id_seq OWNER TO krish;

--
-- TOC entry 5252 (class 0 OID 0)
-- Dependencies: 249
-- Name: email_configs_id_seq; Type: SEQUENCE OWNED BY; Schema: public; Owner: krish
--

ALTER SEQUENCE public.email_configs_id_seq OWNED BY public.email_configs.id;


--
-- TOC entry 225 (class 1259 OID 19206)
-- Name: roles; Type: TABLE; Schema: public; Owner: postgres
--

CREATE TABLE public.roles (
    role_id bigint NOT NULL,
    role_name character varying(100) NOT NULL,
    description text,
    is_active boolean DEFAULT true,
    update_timestamp timestamp without time zone DEFAULT CURRENT_TIMESTAMP
);


ALTER TABLE public.roles OWNER TO postgres;

--
-- TOC entry 226 (class 1259 OID 19215)
-- Name: roles_role_id_seq; Type: SEQUENCE; Schema: public; Owner: postgres
--

CREATE SEQUENCE public.roles_role_id_seq
    START WITH 1
    INCREMENT BY 1
    NO MINVALUE
    NO MAXVALUE
    CACHE 1;


ALTER SEQUENCE public.roles_role_id_seq OWNER TO postgres;

--
-- TOC entry 5253 (class 0 OID 0)
-- Dependencies: 226
-- Name: roles_role_id_seq; Type: SEQUENCE OWNED BY; Schema: public; Owner: postgres
--

ALTER SEQUENCE public.roles_role_id_seq OWNED BY public.roles.role_id;


--
-- TOC entry 227 (class 1259 OID 19216)
-- Name: tags; Type: TABLE; Schema: public; Owner: postgres
--

CREATE TABLE public.tags (
    tag_id bigint NOT NULL,
    tag_name character varying(100) NOT NULL,
    tag_color character varying(20),
    is_active boolean DEFAULT true,
    update_timestamp timestamp without time zone DEFAULT CURRENT_TIMESTAMP,
    company_code character varying(50) NOT NULL
);


ALTER TABLE public.tags OWNER TO postgres;

--
-- TOC entry 228 (class 1259 OID 19224)
-- Name: tags_tag_id_seq; Type: SEQUENCE; Schema: public; Owner: postgres
--

CREATE SEQUENCE public.tags_tag_id_seq
    START WITH 1
    INCREMENT BY 1
    NO MINVALUE
    NO MAXVALUE
    CACHE 1;


ALTER SEQUENCE public.tags_tag_id_seq OWNER TO postgres;

--
-- TOC entry 5254 (class 0 OID 0)
-- Dependencies: 228
-- Name: tags_tag_id_seq; Type: SEQUENCE OWNED BY; Schema: public; Owner: postgres
--

ALTER SEQUENCE public.tags_tag_id_seq OWNED BY public.tags.tag_id;


--
-- TOC entry 229 (class 1259 OID 19225)
-- Name: ticket_attachments; Type: TABLE; Schema: public; Owner: postgres
--

CREATE TABLE public.ticket_attachments (
    attachment_id bigint NOT NULL,
    ticket_id bigint NOT NULL,
    file_name character varying(255),
    file_path text,
    uploaded_by_user_code character varying(50),
    uploaded_at timestamp without time zone DEFAULT CURRENT_TIMESTAMP
);


ALTER TABLE public.ticket_attachments OWNER TO postgres;

--
-- TOC entry 230 (class 1259 OID 19233)
-- Name: ticket_attachments_attachment_id_seq; Type: SEQUENCE; Schema: public; Owner: postgres
--

CREATE SEQUENCE public.ticket_attachments_attachment_id_seq
    START WITH 1
    INCREMENT BY 1
    NO MINVALUE
    NO MAXVALUE
    CACHE 1;


ALTER SEQUENCE public.ticket_attachments_attachment_id_seq OWNER TO postgres;

--
-- TOC entry 5255 (class 0 OID 0)
-- Dependencies: 230
-- Name: ticket_attachments_attachment_id_seq; Type: SEQUENCE OWNED BY; Schema: public; Owner: postgres
--

ALTER SEQUENCE public.ticket_attachments_attachment_id_seq OWNED BY public.ticket_attachments.attachment_id;


--
-- TOC entry 231 (class 1259 OID 19234)
-- Name: ticket_categories; Type: TABLE; Schema: public; Owner: postgres
--

CREATE TABLE public.ticket_categories (
    category_id bigint NOT NULL,
    category_name character varying(100) NOT NULL,
    category_description text,
    is_active boolean DEFAULT true,
    update_timestamp timestamp without time zone DEFAULT CURRENT_TIMESTAMP,
    company_code character varying(50) NOT NULL
);


ALTER TABLE public.ticket_categories OWNER TO postgres;

--
-- TOC entry 232 (class 1259 OID 19244)
-- Name: ticket_categories_category_id_seq; Type: SEQUENCE; Schema: public; Owner: postgres
--

CREATE SEQUENCE public.ticket_categories_category_id_seq
    START WITH 1
    INCREMENT BY 1
    NO MINVALUE
    NO MAXVALUE
    CACHE 1;


ALTER SEQUENCE public.ticket_categories_category_id_seq OWNER TO postgres;

--
-- TOC entry 5256 (class 0 OID 0)
-- Dependencies: 232
-- Name: ticket_categories_category_id_seq; Type: SEQUENCE OWNED BY; Schema: public; Owner: postgres
--

ALTER SEQUENCE public.ticket_categories_category_id_seq OWNED BY public.ticket_categories.category_id;


--
-- TOC entry 233 (class 1259 OID 19245)
-- Name: ticket_comments; Type: TABLE; Schema: public; Owner: postgres
--

CREATE TABLE public.ticket_comments (
    comment_id bigint NOT NULL,
    ticket_id bigint NOT NULL,
    commented_by_user_code character varying(50) NOT NULL,
    comment_text text NOT NULL,
    created_at timestamp without time zone DEFAULT CURRENT_TIMESTAMP
);


ALTER TABLE public.ticket_comments OWNER TO postgres;

--
-- TOC entry 234 (class 1259 OID 19255)
-- Name: ticket_comments_comment_id_seq; Type: SEQUENCE; Schema: public; Owner: postgres
--

CREATE SEQUENCE public.ticket_comments_comment_id_seq
    START WITH 1
    INCREMENT BY 1
    NO MINVALUE
    NO MAXVALUE
    CACHE 1;


ALTER SEQUENCE public.ticket_comments_comment_id_seq OWNER TO postgres;

--
-- TOC entry 5257 (class 0 OID 0)
-- Dependencies: 234
-- Name: ticket_comments_comment_id_seq; Type: SEQUENCE OWNED BY; Schema: public; Owner: postgres
--

ALTER SEQUENCE public.ticket_comments_comment_id_seq OWNED BY public.ticket_comments.comment_id;


--
-- TOC entry 235 (class 1259 OID 19256)
-- Name: ticket_history; Type: TABLE; Schema: public; Owner: postgres
--

CREATE TABLE public.ticket_history (
    history_id bigint NOT NULL,
    ticket_id bigint NOT NULL,
    field_changed character varying(100),
    old_value text,
    new_value text,
    changed_by_user_code character varying(50),
    changed_at timestamp without time zone DEFAULT CURRENT_TIMESTAMP
);


ALTER TABLE public.ticket_history OWNER TO postgres;

--
-- TOC entry 236 (class 1259 OID 19264)
-- Name: ticket_history_history_id_seq; Type: SEQUENCE; Schema: public; Owner: postgres
--

CREATE SEQUENCE public.ticket_history_history_id_seq
    START WITH 1
    INCREMENT BY 1
    NO MINVALUE
    NO MAXVALUE
    CACHE 1;


ALTER SEQUENCE public.ticket_history_history_id_seq OWNER TO postgres;

--
-- TOC entry 5258 (class 0 OID 0)
-- Dependencies: 236
-- Name: ticket_history_history_id_seq; Type: SEQUENCE OWNED BY; Schema: public; Owner: postgres
--

ALTER SEQUENCE public.ticket_history_history_id_seq OWNED BY public.ticket_history.history_id;


--
-- TOC entry 237 (class 1259 OID 19265)
-- Name: ticket_priorities; Type: TABLE; Schema: public; Owner: postgres
--

CREATE TABLE public.ticket_priorities (
    priority_id bigint NOT NULL,
    priority_name character varying(50) NOT NULL,
    priority_value integer NOT NULL,
    priority_color character varying(20),
    is_active boolean DEFAULT true,
    update_timestamp timestamp without time zone DEFAULT CURRENT_TIMESTAMP,
    company_code character varying(50) NOT NULL
);


ALTER TABLE public.ticket_priorities OWNER TO postgres;

--
-- TOC entry 238 (class 1259 OID 19274)
-- Name: ticket_priorities_priority_id_seq; Type: SEQUENCE; Schema: public; Owner: postgres
--

CREATE SEQUENCE public.ticket_priorities_priority_id_seq
    START WITH 1
    INCREMENT BY 1
    NO MINVALUE
    NO MAXVALUE
    CACHE 1;


ALTER SEQUENCE public.ticket_priorities_priority_id_seq OWNER TO postgres;

--
-- TOC entry 5259 (class 0 OID 0)
-- Dependencies: 238
-- Name: ticket_priorities_priority_id_seq; Type: SEQUENCE OWNED BY; Schema: public; Owner: postgres
--

ALTER SEQUENCE public.ticket_priorities_priority_id_seq OWNED BY public.ticket_priorities.priority_id;


--
-- TOC entry 239 (class 1259 OID 19275)
-- Name: ticket_statuses; Type: TABLE; Schema: public; Owner: postgres
--

CREATE TABLE public.ticket_statuses (
    status_id bigint NOT NULL,
    status_name character varying(100) NOT NULL,
    status_color character varying(20),
    display_order integer DEFAULT 1,
    is_default boolean DEFAULT false,
    is_closed_status boolean DEFAULT false,
    is_active boolean DEFAULT true,
    update_timestamp timestamp without time zone DEFAULT CURRENT_TIMESTAMP,
    company_code character varying(50) NOT NULL
);


ALTER TABLE public.ticket_statuses OWNER TO postgres;

--
-- TOC entry 240 (class 1259 OID 19286)
-- Name: ticket_statuses_status_id_seq; Type: SEQUENCE; Schema: public; Owner: postgres
--

CREATE SEQUENCE public.ticket_statuses_status_id_seq
    START WITH 1
    INCREMENT BY 1
    NO MINVALUE
    NO MAXVALUE
    CACHE 1;


ALTER SEQUENCE public.ticket_statuses_status_id_seq OWNER TO postgres;

--
-- TOC entry 5260 (class 0 OID 0)
-- Dependencies: 240
-- Name: ticket_statuses_status_id_seq; Type: SEQUENCE OWNED BY; Schema: public; Owner: postgres
--

ALTER SEQUENCE public.ticket_statuses_status_id_seq OWNED BY public.ticket_statuses.status_id;


--
-- TOC entry 241 (class 1259 OID 19287)
-- Name: ticket_subcategories; Type: TABLE; Schema: public; Owner: postgres
--

CREATE TABLE public.ticket_subcategories (
    subcategory_id bigint NOT NULL,
    category_id bigint NOT NULL,
    subcategory_name character varying(100) NOT NULL,
    subcategory_description text,
    assigned_user_code character varying(1000),
    is_active boolean DEFAULT true,
    update_timestamp timestamp with time zone DEFAULT now(),
    company_code character varying(50) NOT NULL
);


ALTER TABLE public.ticket_subcategories OWNER TO postgres;

--
-- TOC entry 242 (class 1259 OID 19298)
-- Name: ticket_subcategories_subcategory_id_seq; Type: SEQUENCE; Schema: public; Owner: postgres
--

CREATE SEQUENCE public.ticket_subcategories_subcategory_id_seq
    START WITH 1
    INCREMENT BY 1
    NO MINVALUE
    NO MAXVALUE
    CACHE 1;


ALTER SEQUENCE public.ticket_subcategories_subcategory_id_seq OWNER TO postgres;

--
-- TOC entry 5261 (class 0 OID 0)
-- Dependencies: 242
-- Name: ticket_subcategories_subcategory_id_seq; Type: SEQUENCE OWNED BY; Schema: public; Owner: postgres
--

ALTER SEQUENCE public.ticket_subcategories_subcategory_id_seq OWNED BY public.ticket_subcategories.subcategory_id;


--
-- TOC entry 243 (class 1259 OID 19299)
-- Name: ticket_time_entries; Type: TABLE; Schema: public; Owner: postgres
--

CREATE TABLE public.ticket_time_entries (
    entry_id bigint NOT NULL,
    ticket_id bigint NOT NULL,
    user_code character varying(50) NOT NULL,
    status_name character varying(100),
    time_spent_seconds integer DEFAULT 0 NOT NULL,
    started_at timestamp without time zone DEFAULT now() NOT NULL,
    ended_at timestamp without time zone,
    created_at timestamp without time zone DEFAULT now() NOT NULL
);


ALTER TABLE public.ticket_time_entries OWNER TO postgres;

--
-- TOC entry 244 (class 1259 OID 19311)
-- Name: ticket_time_entries_entry_id_seq; Type: SEQUENCE; Schema: public; Owner: postgres
--

CREATE SEQUENCE public.ticket_time_entries_entry_id_seq
    START WITH 1
    INCREMENT BY 1
    NO MINVALUE
    NO MAXVALUE
    CACHE 1;


ALTER SEQUENCE public.ticket_time_entries_entry_id_seq OWNER TO postgres;

--
-- TOC entry 5262 (class 0 OID 0)
-- Dependencies: 244
-- Name: ticket_time_entries_entry_id_seq; Type: SEQUENCE OWNED BY; Schema: public; Owner: postgres
--

ALTER SEQUENCE public.ticket_time_entries_entry_id_seq OWNED BY public.ticket_time_entries.entry_id;


--
-- TOC entry 245 (class 1259 OID 19312)
-- Name: tickets; Type: TABLE; Schema: public; Owner: postgres
--

CREATE TABLE public.tickets (
    ticket_id bigint NOT NULL,
    ticket_no character varying(30) NOT NULL,
    subject character varying(500) NOT NULL,
    description text,
    category_id bigint NOT NULL,
    priority_id bigint NOT NULL,
    status_id bigint NOT NULL,
    raised_by_user_code character varying(50) NOT NULL,
    assigned_to_user_code character varying(50),
    resolved_by_user_code character varying(50),
    due_date timestamp without time zone,
    resolution_date timestamp without time zone,
    is_recurring boolean DEFAULT false,
    update_timestamp timestamp without time zone DEFAULT CURRENT_TIMESTAMP,
    user_code character varying(50),
    subcategory_id bigint,
    department_id bigint,
    company_code character varying(50) NOT NULL,
    allocated_to_user_code character varying(1000)
);


ALTER TABLE public.tickets OWNER TO postgres;

--
-- TOC entry 246 (class 1259 OID 19327)
-- Name: tickets_ticket_id_seq; Type: SEQUENCE; Schema: public; Owner: postgres
--

CREATE SEQUENCE public.tickets_ticket_id_seq
    START WITH 1
    INCREMENT BY 1
    NO MINVALUE
    NO MAXVALUE
    CACHE 1;


ALTER SEQUENCE public.tickets_ticket_id_seq OWNER TO postgres;

--
-- TOC entry 5263 (class 0 OID 0)
-- Dependencies: 246
-- Name: tickets_ticket_id_seq; Type: SEQUENCE OWNED BY; Schema: public; Owner: postgres
--

ALTER SEQUENCE public.tickets_ticket_id_seq OWNED BY public.tickets.ticket_id;


--
-- TOC entry 247 (class 1259 OID 19328)
-- Name: users; Type: TABLE; Schema: public; Owner: postgres
--

CREATE TABLE public.users (
    user_serial_no bigint NOT NULL,
    role_id bigint NOT NULL,
    user_code character varying(50) NOT NULL,
    first_name character varying(100) NOT NULL,
    last_name character varying(100),
    email character varying(255) NOT NULL,
    password_hash text NOT NULL,
    phone character varying(20),
    is_active boolean DEFAULT true,
    update_timestamp timestamp without time zone DEFAULT CURRENT_TIMESTAMP,
    department_id bigint,
    company_code character varying(50)
);


ALTER TABLE public.users OWNER TO postgres;

--
-- TOC entry 248 (class 1259 OID 19341)
-- Name: users_user_serial_no_seq; Type: SEQUENCE; Schema: public; Owner: postgres
--

CREATE SEQUENCE public.users_user_serial_no_seq
    START WITH 1
    INCREMENT BY 1
    NO MINVALUE
    NO MAXVALUE
    CACHE 1;


ALTER SEQUENCE public.users_user_serial_no_seq OWNER TO postgres;

--
-- TOC entry 5264 (class 0 OID 0)
-- Dependencies: 248
-- Name: users_user_serial_no_seq; Type: SEQUENCE OWNED BY; Schema: public; Owner: postgres
--

ALTER SEQUENCE public.users_user_serial_no_seq OWNED BY public.users.user_serial_no;


--
-- TOC entry 4933 (class 2604 OID 19342)
-- Name: companies company_id; Type: DEFAULT; Schema: public; Owner: postgres
--

ALTER TABLE ONLY public.companies ALTER COLUMN company_id SET DEFAULT nextval('public.companies_company_id_seq'::regclass);


--
-- TOC entry 4937 (class 2604 OID 19343)
-- Name: departments department_id; Type: DEFAULT; Schema: public; Owner: postgres
--

ALTER TABLE ONLY public.departments ALTER COLUMN department_id SET DEFAULT nextval('public.departments_department_id_seq'::regclass);


--
-- TOC entry 4977 (class 2604 OID 19516)
-- Name: email_configs id; Type: DEFAULT; Schema: public; Owner: krish
--

ALTER TABLE ONLY public.email_configs ALTER COLUMN id SET DEFAULT nextval('public.email_configs_id_seq'::regclass);


--
-- TOC entry 4940 (class 2604 OID 19344)
-- Name: roles role_id; Type: DEFAULT; Schema: public; Owner: postgres
--

ALTER TABLE ONLY public.roles ALTER COLUMN role_id SET DEFAULT nextval('public.roles_role_id_seq'::regclass);


--
-- TOC entry 4943 (class 2604 OID 19345)
-- Name: tags tag_id; Type: DEFAULT; Schema: public; Owner: postgres
--

ALTER TABLE ONLY public.tags ALTER COLUMN tag_id SET DEFAULT nextval('public.tags_tag_id_seq'::regclass);


--
-- TOC entry 4946 (class 2604 OID 19346)
-- Name: ticket_attachments attachment_id; Type: DEFAULT; Schema: public; Owner: postgres
--

ALTER TABLE ONLY public.ticket_attachments ALTER COLUMN attachment_id SET DEFAULT nextval('public.ticket_attachments_attachment_id_seq'::regclass);


--
-- TOC entry 4948 (class 2604 OID 19347)
-- Name: ticket_categories category_id; Type: DEFAULT; Schema: public; Owner: postgres
--

ALTER TABLE ONLY public.ticket_categories ALTER COLUMN category_id SET DEFAULT nextval('public.ticket_categories_category_id_seq'::regclass);


--
-- TOC entry 4951 (class 2604 OID 19348)
-- Name: ticket_comments comment_id; Type: DEFAULT; Schema: public; Owner: postgres
--

ALTER TABLE ONLY public.ticket_comments ALTER COLUMN comment_id SET DEFAULT nextval('public.ticket_comments_comment_id_seq'::regclass);


--
-- TOC entry 4953 (class 2604 OID 19349)
-- Name: ticket_history history_id; Type: DEFAULT; Schema: public; Owner: postgres
--

ALTER TABLE ONLY public.ticket_history ALTER COLUMN history_id SET DEFAULT nextval('public.ticket_history_history_id_seq'::regclass);


--
-- TOC entry 4955 (class 2604 OID 19350)
-- Name: ticket_priorities priority_id; Type: DEFAULT; Schema: public; Owner: postgres
--

ALTER TABLE ONLY public.ticket_priorities ALTER COLUMN priority_id SET DEFAULT nextval('public.ticket_priorities_priority_id_seq'::regclass);


--
-- TOC entry 4958 (class 2604 OID 19351)
-- Name: ticket_statuses status_id; Type: DEFAULT; Schema: public; Owner: postgres
--

ALTER TABLE ONLY public.ticket_statuses ALTER COLUMN status_id SET DEFAULT nextval('public.ticket_statuses_status_id_seq'::regclass);


--
-- TOC entry 4964 (class 2604 OID 19352)
-- Name: ticket_subcategories subcategory_id; Type: DEFAULT; Schema: public; Owner: postgres
--

ALTER TABLE ONLY public.ticket_subcategories ALTER COLUMN subcategory_id SET DEFAULT nextval('public.ticket_subcategories_subcategory_id_seq'::regclass);


--
-- TOC entry 4967 (class 2604 OID 19353)
-- Name: ticket_time_entries entry_id; Type: DEFAULT; Schema: public; Owner: postgres
--

ALTER TABLE ONLY public.ticket_time_entries ALTER COLUMN entry_id SET DEFAULT nextval('public.ticket_time_entries_entry_id_seq'::regclass);


--
-- TOC entry 4971 (class 2604 OID 19354)
-- Name: tickets ticket_id; Type: DEFAULT; Schema: public; Owner: postgres
--

ALTER TABLE ONLY public.tickets ALTER COLUMN ticket_id SET DEFAULT nextval('public.tickets_ticket_id_seq'::regclass);


--
-- TOC entry 4974 (class 2604 OID 19355)
-- Name: users user_serial_no; Type: DEFAULT; Schema: public; Owner: postgres
--

ALTER TABLE ONLY public.users ALTER COLUMN user_serial_no SET DEFAULT nextval('public.users_user_serial_no_seq'::regclass);


--
-- TOC entry 5211 (class 0 OID 19174)
-- Dependencies: 219
-- Data for Name: comment_attachments; Type: TABLE DATA; Schema: public; Owner: postgres
--

COPY public.comment_attachments (attachment_id, comment_id, file_name, stored_name, mime_type, file_size, uploaded_at) FROM stdin;
1	8	Screenshot 2026-05-22 170332.png	1781967939303-2df4da7d-3213-4f25-97bf-1c78c7ca51c6.png	image/png	744441	2026-06-20 20:35:39.381214
2	9	Screenshot 2026-05-22 170722.png	1781968448374-ec2bcc2d-1dd8-458f-a89d-33ad60e4f1f9.png	image/png	22817	2026-06-20 20:44:08.423958
3	11	PROJECT_SPEC.md	1782104724226-71cb57ef-9e54-48ff-a07a-8c39948d5431.md	text/markdown	17588	2026-06-22 10:35:24.272289
\.


--
-- TOC entry 5213 (class 0 OID 19185)
-- Dependencies: 221
-- Data for Name: companies; Type: TABLE DATA; Schema: public; Owner: postgres
--

COPY public.companies (company_id, company_name, company_code, email, phone, address, is_active, update_timestamp, is_deleted, logo_url, email_domain, favicon_url, helpdesk_title, title_link, smtp_host, smtp_port, smtp_user, smtp_pass, email_from_name, welcome_subject, welcome_template) FROM stdin;
4	Temp	TEMP	Temp@gmail.com	1234567890	asdfghjkl;qwertyuiopzxcvbnm	t	2026-06-22 14:35:10.350615	f	\N	temp.com	\N	\N	\N	\N	\N	\N	\N	\N	\N	\N
5	nandu	NANDU	n@gmail.com	741852963	asdfghjklzxcvbnm,wertyuio	t	2026-06-23 17:42:52.533527	f	\N	gmail.com	\N	\N	\N	\N	\N	\N	\N	\N	\N	\N
2	Alpha TND	ATNG	admin@alphatnd.com	+91-9000000002	Pune, India	t	2026-06-23 23:02:01.359964	f	/uploads/logos/1782235414368-0a618f7f-d7f9-4a9e-b64c-537c02e452d3.png	alphatnd.com	/uploads/logos/1782235921349-3c0e94c2-7381-4139-932f-b4a0663338e5.png	Alpha TND helps		\N	\N	\N	\N	\N	\N	\N
3	Satyam	SAT	satyam@gmail.com	91-741852963	Satyam pvt ltd.	t	2026-06-24 10:35:11.563376	f	\N	sat.com	\N	Satyam Finlease		\N	\N	\N	\N	\N	\N	\N
1	Quince Capital Modified	QC	admin@quincecapital.com	9999999001	Test Address	t	2026-06-24 18:34:53.616353	f	/uploads/logos/1782285536333-8d449ce7-d46c-4289-8fe9-b8d1944e7be2.jpg	quincecapital.com	/uploads/logos/1782285536334-3b95c885-74ef-4414-a6f9-040eb342fd2d.jpg	QuinceCapital ServiceDesk		smtp.mailtrap.io	2525	test-user-123	test-password-456	Test Support Desk	Welcome to Quince support desk!	Hello {{first_name}}, your temporary password is {{password}} and username is {{user_code}}.
\.


--
-- TOC entry 5215 (class 0 OID 19197)
-- Dependencies: 223
-- Data for Name: departments; Type: TABLE DATA; Schema: public; Owner: postgres
--

COPY public.departments (department_id, department_name, is_active, update_timestamp, company_code) FROM stdin;
1	Sales	t	2026-06-16 11:33:46.127791	QC
2	HR	t	2026-06-16 11:33:46.127791	QC
3	IT	t	2026-06-16 11:33:46.127791	QC
4	Finance	t	2026-06-16 11:33:46.127791	QC
5	Sales	t	2026-06-16 11:33:46.127791	ATNG
6	HR	t	2026-06-16 11:33:46.127791	ATNG
7	IT	t	2026-06-16 11:33:46.127791	ATNG
8	Finance	t	2026-06-16 11:33:46.127791	ATNG
9	IT	t	2026-06-22 15:05:22.576554	NANDU
10	HR	t	2026-06-22 15:05:22.576554	NANDU
11	Support	t	2026-06-22 15:05:22.576554	NANDU
12	Finance	t	2026-06-22 15:05:22.576554	NANDU
\.


--
-- TOC entry 5242 (class 0 OID 19513)
-- Dependencies: 250
-- Data for Name: email_configs; Type: TABLE DATA; Schema: public; Owner: krish
--

COPY public.email_configs (id, company_code, config_name, smtp_host, smtp_port, smtp_user, smtp_pass, email_from_name, welcome_subject, welcome_template, send_welcome_email, send_ticket_assignment_email, send_chat_reply_email, send_ticket_update_email, send_reply_email, is_active, created_timestamp, update_timestamp) FROM stdin;
1	TEMP	Default Config	\N	\N	\N	\N	\N	\N	\N	t	t	t	t	t	t	2026-06-24 18:38:41.990976	2026-06-24 18:38:41.990976
2	NANDU	Default Config	\N	\N	\N	\N	\N	\N	\N	t	t	t	t	t	t	2026-06-24 18:38:41.990976	2026-06-24 18:38:41.990976
3	ATNG	Default Config	\N	\N	\N	\N	\N	\N	\N	t	t	t	t	t	t	2026-06-24 18:38:41.990976	2026-06-24 18:38:41.990976
4	SAT	Default Config	\N	\N	\N	\N	\N	\N	\N	t	t	t	t	t	t	2026-06-24 18:38:41.990976	2026-06-24 18:38:41.990976
5	QC	Default Config	smtp.mailtrap.io	2525	test-user-123	test-password-456	Test Support Desk	Welcome to Quince support desk!	Hello {{first_name}}, your temporary password is {{password}} and username is {{user_code}}.	t	t	t	t	t	t	2026-06-24 18:38:41.990976	2026-06-24 18:38:41.990976
\.


--
-- TOC entry 5217 (class 0 OID 19206)
-- Dependencies: 225
-- Data for Name: roles; Type: TABLE DATA; Schema: public; Owner: postgres
--

COPY public.roles (role_id, role_name, description, is_active, update_timestamp) FROM stdin;
1	Admin	System Administrator	t	2026-06-16 11:33:39.714455
2	Manager	Department Manager	t	2026-06-16 11:33:39.714455
3	Employee	Standard Employee	t	2026-06-21 13:02:55.848048
4	Super Admin	Multi-company system administrator	t	2026-06-21 13:02:55.851486
\.


--
-- TOC entry 5219 (class 0 OID 19216)
-- Dependencies: 227
-- Data for Name: tags; Type: TABLE DATA; Schema: public; Owner: postgres
--

COPY public.tags (tag_id, tag_name, tag_color, is_active, update_timestamp, company_code) FROM stdin;
1	Urgent	#DC3545	t	2026-06-16 11:36:48.158075	QC
2	Customer	#0D6EFD	t	2026-06-16 11:36:48.158075	QC
3	Internal	#6F42C1	t	2026-06-16 11:36:48.158075	QC
4	Bug	#FD7E14	t	2026-06-16 11:36:48.158075	QC
5	Enhancement	#198754	t	2026-06-16 11:36:48.158075	QC
6	Finance	#20C997	t	2026-06-16 11:36:48.158075	QC
7	HR	#6610F2	t	2026-06-16 11:36:48.158075	QC
8	Sales	#FFC107	t	2026-06-16 11:36:48.158075	QC
9	Urgent	#DC3545	t	2026-06-21 11:00:00	ATNG
10	Customer	#0D6EFD	t	2026-06-21 11:00:00	ATNG
11	Internal	#6F42C1	t	2026-06-21 11:00:00	ATNG
12	Bug	#FD7E14	t	2026-06-21 11:00:00	ATNG
13	Enhancement	#198754	t	2026-06-21 11:00:00	ATNG
14	Finance	#20C997	t	2026-06-21 11:00:00	ATNG
15	HR	#6610F2	t	2026-06-21 11:00:00	ATNG
16	Sales	#FFC107	t	2026-06-21 11:00:00	ATNG
\.


--
-- TOC entry 5221 (class 0 OID 19225)
-- Dependencies: 229
-- Data for Name: ticket_attachments; Type: TABLE DATA; Schema: public; Owner: postgres
--

COPY public.ticket_attachments (attachment_id, ticket_id, file_name, file_path, uploaded_by_user_code, uploaded_at) FROM stdin;
1	14	Screenshot 2026-05-22 161715.png	/uploads/tickets/1781969219760-a9412a71-a8be-411c-a1bc-48ba4e10a73e.png	QC_admin_rahul_patil	2026-06-20 20:56:59.871
2	15	Q.jpg	/uploads/tickets/1782104595722-1a6f937a-19c8-4121-9e79-685f4de97c7f.jpg	SAT_EMPLOYEE_KRISH	2026-06-22 10:33:15.76821
\.


--
-- TOC entry 5223 (class 0 OID 19234)
-- Dependencies: 231
-- Data for Name: ticket_categories; Type: TABLE DATA; Schema: public; Owner: postgres
--

COPY public.ticket_categories (category_id, category_name, category_description, is_active, update_timestamp, company_code) FROM stdin;
1	Sales	Sales related requests	t	2026-06-16 11:34:09.653324	QC
2	Technical	Technical support and bugs	t	2026-06-16 11:34:09.653324	QC
3	General Issues	General support requests	t	2026-06-16 11:34:09.653324	QC
4	temp	remp request	f	2026-06-20 18:03:27.194751	QC
5	Sales	Sales related requests	t	2026-06-21 11:00:00	ATNG
6	Technical	Technical support and bugs	t	2026-06-21 11:00:00	ATNG
7	General Issues	General support requests	t	2026-06-21 11:00:00	ATNG
8	Sales	Sales related requests	t	2026-06-21 13:40:40.334641	ATNG
9	Technical	Technical support and bugs	t	2026-06-21 13:40:40.334641	ATNG
10	General Issues	General support requests	t	2026-06-21 13:40:40.334641	ATNG
11	temp	remp request	f	2026-06-21 13:40:40.334641	ATNG
12	temp	temp 1	t	2026-06-22 10:28:53.543086	SAT
13	temp2	temp 2	t	2026-06-22 10:29:05.478851	SAT
14	General	General support queries	t	2026-06-22 14:35:10.350615	TEMP
15	General	General support queries	t	2026-06-22 15:05:22.576554	NANDU
\.


--
-- TOC entry 5225 (class 0 OID 19245)
-- Dependencies: 233
-- Data for Name: ticket_comments; Type: TABLE DATA; Schema: public; Owner: postgres
--

COPY public.ticket_comments (comment_id, ticket_id, commented_by_user_code, comment_text, created_at) FROM stdin;
2	11	QC_admin_rahul_patil	<p>write comment heredfgh</p>	2026-06-18 15:49:02.085048
3	11	QC_admin_rahul_patil	<p>2nd 3rd comment</p>	2026-06-18 15:49:47.387839
4	11	QC_employee_neha_joshi	<p>reply replyscvbn dfghj</p>	2026-06-18 15:50:44.642879
5	11	QC_employee_neha_joshi	<p>conversation</p>	2026-06-18 15:54:48.406516
6	11	QC_admin_krish_bhojwani	<p>hi im krish</p>	2026-06-20 16:17:28.76391
7	11	QC_admin_krish_bhojwani	<p>pls check.</p>	2026-06-20 16:19:12.993154
8	10	QC_admin_krish_bhojwani		2026-06-20 20:35:39.381214
9	10	QC_admin_krish_bhojwani		2026-06-20 20:44:08.423958
10	15	SAT_EMPLOYEE_KRISH	<p>hI IM TECHNICIAN</p>	2026-06-22 10:34:01.581112
11	15	SAT_EMPLOYEE_temp	<p>Hi im temp im being assigned ticket.</p>	2026-06-22 10:35:24.272289
12	14	QC_admin_rahul_patil	<p>Hii</p><p></p>	2026-06-23 17:54:04.036257
13	14	QC_employee_sneha_iyer	<p>HI from sneha</p>	2026-06-23 18:12:44.3788
14	14	QC_admin_rahul_patil	<p>jkcdfvloyo.l</p>	2026-06-23 18:13:16.946359
15	16	QC_admin_rahul_patil	Assigned technician posting a reply.	2026-06-23 18:21:48.750678
16	16	QC_employee_sneha_iyer	Sneha commenting as the new assignee.	2026-06-23 18:21:48.835138
17	17	QC_admin_rahul_patil	Assigned technician posting a reply.	2026-06-23 18:30:11.15423
18	17	QC_employee_sneha_iyer	Sneha commenting as the new assignee.	2026-06-23 18:30:11.240507
\.


--
-- TOC entry 5227 (class 0 OID 19256)
-- Dependencies: 235
-- Data for Name: ticket_history; Type: TABLE DATA; Schema: public; Owner: postgres
--

COPY public.ticket_history (history_id, ticket_id, field_changed, old_value, new_value, changed_by_user_code, changed_at) FROM stdin;
2	5	Created		Ticket Created	QC_employee_krish_bhojwani	2026-06-16 15:53:30.427804
3	6	Created		Ticket Created	QC_employee_krish_bhojwani	2026-06-16 16:11:07.760284
4	7	Created		Ticket Created	QC_employee_krish_bhojwani	2026-06-16 16:11:33.797776
5	8	Created		Ticket Created	QC_employee_krish_bhojwani	2026-06-16 16:12:28.789536
6	9	Created		Ticket Created	QC_employee_krish_bhojwani	2026-06-16 16:12:45.197581
7	10	Created		Ticket Created	QC_employee_krish_bhojwani	2026-06-16 16:13:09.295002
8	10	Status	1	3	QC_admin_krish_bhojwani	2026-06-17 11:29:16.48049
9	10	Takeover	QC_manager_amit_sharma	QC_admin_krish_bhojwani	QC_admin_krish_bhojwani	2026-06-17 11:29:21.737698
10	10	AssignedTo	QC_admin_krish_bhojwani	ATNG_admin_priya_shah	QC_admin_krish_bhojwani	2026-06-17 12:01:53.580556
11	10	Takeover	ATNG_admin_priya_shah	QC_admin_krish_bhojwani	QC_admin_krish_bhojwani	2026-06-17 12:02:17.26831
12	10	Priority	3	4	QC_admin_krish_bhojwani	2026-06-17 13:58:44.880846
13	10	AssignedTo	QC_admin_krish_bhojwani	QC_admin_rahul_patil	QC_admin_krish_bhojwani	2026-06-17 13:59:04.090521
14	10	AssignedTo	QC_admin_rahul_patil	QC_admin_krish_bhojwani	QC_admin_krish_bhojwani	2026-06-17 13:59:17.804223
15	10	Category	2	1	QC_admin_krish_bhojwani	2026-06-17 13:59:27.058433
16	10	DueDate		2026-07-02T14:00	QC_admin_krish_bhojwani	2026-06-17 14:00:06.722125
17	10	Category	1	2	QC_admin_krish_bhojwani	2026-06-17 15:07:17.47032
18	10	Subcategory	9	9	QC_admin_krish_bhojwani	2026-06-17 15:07:17.47032
19	8	Category	2	2	QC_admin_krish_bhojwani	2026-06-17 15:23:33.000275
20	8	Subcategory	8	9	QC_admin_krish_bhojwani	2026-06-17 15:23:33.000275
21	8	Category	2	2	QC_admin_krish_bhojwani	2026-06-17 15:24:24.477952
22	8	Subcategory	9	10	QC_admin_krish_bhojwani	2026-06-17 15:24:24.477952
23	8	Category	2	2	QC_admin_krish_bhojwani	2026-06-17 15:24:44.323243
24	8	Subcategory	10	9	QC_admin_krish_bhojwani	2026-06-17 15:24:44.323243
25	11	Created		Ticket Created	QC_admin_rahul_patil	2026-06-18 15:48:32.907114
26	11	Status	1	3	QC_admin_rahul_patil	2026-06-18 16:29:23.534996
27	11	Priority	4	3	QC_admin_rahul_patil	2026-06-18 16:43:46.574585
28	11	Category	1	2	QC_admin_rahul_patil	2026-06-18 16:44:13.73407
29	11	Subcategory	7	9	QC_admin_rahul_patil	2026-06-18 16:44:13.73407
30	11	DueDate		2026-06-19T16:52	QC_admin_rahul_patil	2026-06-18 16:52:10.235535
31	11	Takeover	QC_employee_neha_joshi	QC_admin_rahul_patil	QC_admin_rahul_patil	2026-06-18 16:52:43.932826
32	11	Priority	3	2	QC_admin_rahul_patil	2026-06-18 16:53:45.324608
33	5	Priority	2	3	QC_admin_rahul_patil	2026-06-18 17:47:28.027858
34	12	Created		Ticket Created	QC_admin_krish_bhojwani	2026-06-20 20:45:25.181052
35	12	AssignedTo	QC_employee_krish_bhojwani	QC_admin_krish_bhojwani	QC_admin_rahul_patil	2026-06-20 20:47:01.978267
36	12	AssignedTo	QC_admin_krish_bhojwani	QC_admin_rahul_patil	QC_admin_rahul_patil	2026-06-20 20:47:15.385188
37	13	Created		Ticket Created	QC_admin_rahul_patil	2026-06-20 20:50:35.573004
38	14	Created		Ticket Created	QC_admin_rahul_patil	2026-06-20 20:56:59.871
39	15	Created		Ticket Created	SAT_EMPLOYEE_KRISH	2026-06-22 10:33:15.76821
40	15	AssignedTo		SAT_EMPLOYEE_temp	SAT_EMPLOYEE_KRISH	2026-06-22 10:34:19.6716
41	14	AssignedTo	QC_employee_neha_joshi	QC_employee_sneha_iyer	QC_admin_rahul_patil	2026-06-23 17:11:21.020445
42	14	Allocations		QC_manager_anjali_verma|QC_employee_sneha_iyer|QC_manager_amit_sharma|QC_employee_rohit_kulkarni	QC_admin_rahul_patil	2026-06-23 17:11:29.034833
43	14	AssignedTo	QC_employee_sneha_iyer	QC_manager_anjali_verma	QC_employee_sneha_iyer	2026-06-23 17:54:54.085924
44	14	AssignedTo	QC_manager_anjali_verma	QC_employee_sneha_iyer	QC_admin_rahul_patil	2026-06-23 18:08:26.804064
45	16	Created		Ticket Created	QC_admin_rahul_patil	2026-06-23 18:21:48.681387
46	16	Takeover	QC_admin_rahul_patil	QC_employee_sneha_iyer	QC_employee_sneha_iyer	2026-06-23 18:21:48.825723
47	16	Allocations	QC_employee_sneha_iyer	QC_admin_rahul_patil	QC_employee_sneha_iyer	2026-06-23 18:21:48.825723
48	17	Created		Ticket Created	QC_admin_rahul_patil	2026-06-23 18:30:11.083972
49	17	Takeover	QC_admin_rahul_patil	QC_employee_sneha_iyer	QC_employee_sneha_iyer	2026-06-23 18:30:11.229968
50	17	Allocations	QC_employee_sneha_iyer	QC_admin_rahul_patil	QC_employee_sneha_iyer	2026-06-23 18:30:11.229968
51	14	Status	1	3	QC_admin_rahul_patil	2026-06-24 16:25:16.49574
\.


--
-- TOC entry 5229 (class 0 OID 19265)
-- Dependencies: 237
-- Data for Name: ticket_priorities; Type: TABLE DATA; Schema: public; Owner: postgres
--

COPY public.ticket_priorities (priority_id, priority_name, priority_value, priority_color, is_active, update_timestamp, company_code) FROM stdin;
1	Low	1	#28A745	t	2026-06-16 11:33:52.085199	QC
2	Medium	2	#FFC107	t	2026-06-16 11:33:52.085199	QC
3	High	3	#FD7E14	t	2026-06-16 11:33:52.085199	QC
4	Critical	4	#DC3545	t	2026-06-16 11:33:52.085199	QC
5	Low	1	#28A745	t	2026-06-21 11:00:00	ATNG
6	Medium	2	#FFC107	t	2026-06-21 11:00:00	ATNG
7	High	3	#FD7E14	t	2026-06-21 11:00:00	ATNG
8	Critical	4	#DC3545	t	2026-06-21 11:00:00	ATNG
9	Low	1	#28A745	t	2026-06-21 13:40:40.334641	ATNG
10	Medium	2	#FFC107	t	2026-06-21 13:40:40.334641	ATNG
11	High	3	#FD7E14	t	2026-06-21 13:40:40.334641	ATNG
12	Critical	4	#DC3545	t	2026-06-21 13:40:40.334641	ATNG
13	low	1	#687386	t	2026-06-22 10:31:29.019143	SAT
14	medium	1	#687386	t	2026-06-22 10:31:33.420259	SAT
15	high	1	#687386	t	2026-06-22 10:31:37.503208	SAT
16	Low	1	#4CAF50	t	2026-06-22 14:35:10.350615	TEMP
17	Medium	2	#FF9800	t	2026-06-22 14:35:10.350615	TEMP
18	High	3	#F44336	t	2026-06-22 14:35:10.350615	TEMP
19	Low	1	#4CAF50	t	2026-06-22 15:05:22.576554	NANDU
20	Medium	2	#FF9800	t	2026-06-22 15:05:22.576554	NANDU
21	High	3	#F44336	t	2026-06-22 15:05:22.576554	NANDU
\.


--
-- TOC entry 5231 (class 0 OID 19275)
-- Dependencies: 239
-- Data for Name: ticket_statuses; Type: TABLE DATA; Schema: public; Owner: postgres
--

COPY public.ticket_statuses (status_id, status_name, status_color, display_order, is_default, is_closed_status, is_active, update_timestamp, company_code) FROM stdin;
2	In Progress	#FD7E14	2	f	f	t	2026-06-16 11:34:01.238333	QC
3	Closed	#28A745	3	f	t	t	2026-06-16 11:34:01.238333	QC
7	temp	#b12f2f	1	f	f	t	2026-06-19 16:42:42.54669	QC
1	New	#2196F3	1	t	f	f	2026-06-19 16:43:11.163828	QC
8	In Progress	#FD7E14	2	f	f	t	2026-06-21 13:40:40.334641	ATNG
9	Closed	#28A745	3	f	t	t	2026-06-21 13:40:40.334641	ATNG
10	temp	#b12f2f	1	f	f	t	2026-06-21 13:40:40.334641	ATNG
11	New	#2196F3	1	t	f	f	2026-06-21 13:40:40.334641	ATNG
12	new	#004fd6	1	t	f	t	2026-06-22 10:31:14.09147	SAT
13	in progress	#687386	1	f	f	t	2026-06-22 10:31:49.630785	SAT
14	closed	#687386	1	f	f	t	2026-06-22 10:31:53.939269	SAT
15	New	#2196F3	1	t	f	t	2026-06-22 14:35:10.350615	TEMP
16	In Progress	#FFC107	2	f	f	t	2026-06-22 14:35:10.350615	TEMP
17	Closed	#4CAF50	3	f	t	t	2026-06-22 14:35:10.350615	TEMP
18	New	#2196F3	1	t	f	t	2026-06-22 15:05:22.576554	NANDU
19	In Progress	#FFC107	2	f	f	t	2026-06-22 15:05:22.576554	NANDU
20	Closed	#4CAF50	3	f	t	t	2026-06-22 15:05:22.576554	NANDU
\.


--
-- TOC entry 5233 (class 0 OID 19287)
-- Dependencies: 241
-- Data for Name: ticket_subcategories; Type: TABLE DATA; Schema: public; Owner: postgres
--

COPY public.ticket_subcategories (subcategory_id, category_id, subcategory_name, subcategory_description, assigned_user_code, is_active, update_timestamp, company_code) FROM stdin;
7	1	Payment Issues	Sales payment issues	QC_manager_pooja_deshmukh	t	2026-06-16 11:37:40.116327+05:30	QC
8	2	Bug Reports	Application bugs	QC_manager_amit_sharma	t	2026-06-16 11:37:40.116327+05:30	QC
9	2	Feature Requests	Feature requests	QC_manager_amit_sharma	t	2026-06-16 11:37:40.116327+05:30	QC
10	2	Jarvis Bugs	Jarvis platform bugs	QC_manager_amit_sharma	f	2026-06-20 18:03:30.912443+05:30	QC
11	2	jarvis bugs	jarvis related bugs	QC_admin_krish_bhojwani	t	2026-06-20 18:20:45.213244+05:30	QC
12	8	General Sales	General sales enquiries	\N	t	2026-06-21 13:40:40.334641+05:30	ATNG
13	8	Payment Issues	Sales payment issues	\N	t	2026-06-21 13:40:40.334641+05:30	ATNG
14	9	Bug Reports	Application bugs	\N	t	2026-06-21 13:40:40.334641+05:30	ATNG
15	9	Feature Requests	Feature requests	\N	t	2026-06-21 13:40:40.334641+05:30	ATNG
16	9	Jarvis Bugs	Jarvis platform bugs	\N	f	2026-06-21 13:40:40.334641+05:30	ATNG
17	9	jarvis bugs	jarvis related bugs	\N	t	2026-06-21 13:40:40.334641+05:30	ATNG
18	12	temp 1 1	temp1 child 1	SAT_ADMIN_NANDU	t	2026-06-22 10:29:37.828598+05:30	SAT
19	13	asdfgjkl	asdfghjkl	SAT_EMPLOYEE_temp	t	2026-06-22 10:30:50.114396+05:30	SAT
6	1	General Sales	General sales enquiries	QC_admin_rahul_patil|QC_employee_sneha_iyer	t	2026-06-16 11:37:40.116327+05:30	QC
\.


--
-- TOC entry 5235 (class 0 OID 19299)
-- Dependencies: 243
-- Data for Name: ticket_time_entries; Type: TABLE DATA; Schema: public; Owner: postgres
--

COPY public.ticket_time_entries (entry_id, ticket_id, user_code, status_name, time_spent_seconds, started_at, ended_at, created_at) FROM stdin;
1	17	QC_admin_rahul_patil	New	2	2026-06-24 11:43:02.936948	2026-06-24 11:43:05.560048	2026-06-24 11:43:02.936948
2	17	QC_admin_rahul_patil	New	49	2026-06-24 11:43:09.796833	2026-06-24 11:44:00.161421	2026-06-24 11:43:09.796833
3	17	QC_admin_rahul_patil	New	13	2026-06-24 11:44:00.279788	2026-06-24 11:44:13.552833	2026-06-24 11:44:00.279788
4	17	QC_admin_rahul_patil	New	13	2026-06-24 11:44:13.742059	2026-06-24 11:44:26.930415	2026-06-24 11:44:13.742059
5	17	QC_admin_rahul_patil	New	0	2026-06-24 11:44:35.17229	\N	2026-06-24 11:44:35.17229
6	17	QC_employee_sneha_iyer	New	11	2026-06-24 11:45:06.987772	2026-06-24 11:45:18.930145	2026-06-24 11:45:06.987772
7	17	QC_employee_sneha_iyer	New	3	2026-06-24 11:46:32.805469	2026-06-24 11:46:36.854197	2026-06-24 11:46:32.805469
8	14	QC_admin_rahul_patil	New	14	2026-06-24 12:47:59.828125	2026-06-24 12:48:14.925275	2026-06-24 12:47:59.828125
9	8	QC_admin_rahul_patil	New	32	2026-06-24 12:59:04.985274	2026-06-24 12:59:37.764821	2026-06-24 12:59:04.985274
10	8	QC_admin_rahul_patil	New	7	2026-06-24 12:59:56.632779	2026-06-24 13:00:04.205272	2026-06-24 12:59:56.632779
11	8	QC_admin_rahul_patil	New	0	2026-06-24 13:00:11.259316	\N	2026-06-24 13:00:11.259316
12	8	QC_admin_rahul_patil	New	29	2026-06-24 13:00:31.937124	2026-06-24 13:01:01.43459	2026-06-24 13:00:31.937124
13	17	QC_admin_rahul_patil	New	0	2026-06-24 13:01:53.979042	\N	2026-06-24 13:01:53.979042
14	17	QC_admin_rahul_patil	New	0	2026-06-24 13:08:27.235556	\N	2026-06-24 13:08:27.235556
15	17	QC_admin_rahul_patil	New	193	2026-06-24 13:18:46.853678	2026-06-24 13:22:06.824025	2026-06-24 13:18:46.853678
16	17	QC_admin_rahul_patil	New	4	2026-06-24 13:22:07.589135	2026-06-24 13:22:12.952981	2026-06-24 13:22:07.589135
17	17	QC_admin_rahul_patil	New	5	2026-06-24 13:23:27.76847	2026-06-24 13:23:33.327602	2026-06-24 13:23:27.76847
18	17	QC_admin_rahul_patil	New	5	2026-06-24 13:23:37.673013	2026-06-24 13:23:43.035177	2026-06-24 13:23:37.673013
19	13	QC_admin_rahul_patil	New	48	2026-06-24 14:55:59.99017	2026-06-24 14:56:49.014528	2026-06-24 14:55:59.99017
20	8	QC_admin_rahul_patil	New	1	2026-06-24 15:43:43.462859	2026-06-24 15:43:45.414082	2026-06-24 15:43:43.462859
21	17	QC_admin_rahul_patil	New	4	2026-06-24 16:06:06.302233	2026-06-24 16:06:10.423458	2026-06-24 16:06:06.302233
22	13	QC_admin_rahul_patil	New	2	2026-06-24 16:24:26.837012	2026-06-24 16:24:29.009539	2026-06-24 16:24:26.837012
23	14	QC_admin_rahul_patil	New	8	2026-06-24 16:25:09.480063	2026-06-24 16:25:18.460682	2026-06-24 16:25:09.480063
24	13	QC_admin_rahul_patil	New	2	2026-06-24 16:50:39.234142	2026-06-24 16:50:41.957	2026-06-24 16:50:39.234142
25	14	QC_admin_rahul_patil	Closed	2	2026-06-24 18:15:43.272149	2026-06-24 18:15:45.669244	2026-06-24 18:15:43.272149
\.


--
-- TOC entry 5237 (class 0 OID 19312)
-- Dependencies: 245
-- Data for Name: tickets; Type: TABLE DATA; Schema: public; Owner: postgres
--

COPY public.tickets (ticket_id, ticket_no, subject, description, category_id, priority_id, status_id, raised_by_user_code, assigned_to_user_code, resolved_by_user_code, due_date, resolution_date, is_recurring, update_timestamp, user_code, subcategory_id, department_id, company_code, allocated_to_user_code) FROM stdin;
6	TKT-1781606467724	kjyffiyo	<p>k,cty,uyo,y</p>	2	2	1	QC_employee_krish_bhojwani	QC_employee_rohit_kulkarni	\N	\N	\N	f	2026-06-16 16:11:07.760284	\N	9	1	QC	\N
7	TKT-1781606493700	?>mnbvfsx	<p>;/ljhmgbf</p>	1	3	1	QC_employee_krish_bhojwani	QC_manager_pooja_deshmukh	\N	\N	\N	f	2026-06-16 16:11:33.797776	\N	7	1	QC	\N
9	TKT-1781606565194	jgh c.	<p>hvyhyli,yob</p>	2	1	1	QC_employee_krish_bhojwani	QC_manager_amit_sharma	\N	\N	\N	f	2026-06-16 16:12:45.197581	\N	8	1	QC	\N
10	TKT-1781606589251	,vu6f,6o6xcoxs6	<p>mvtliuv,.l</p>	2	4	3	QC_employee_krish_bhojwani	QC_admin_krish_bhojwani	\N	2026-07-02 14:00:00	\N	f	2026-06-17 15:07:17.47032	\N	9	1	QC	\N
8	TKT-1781606548742	.l/ic.d7od7co/	<p>ct,kutcu7o6c</p>	2	3	1	QC_employee_krish_bhojwani	QC_manager_amit_sharma	\N	\N	\N	f	2026-06-17 15:24:44.323243	\N	9	1	QC	\N
11	TKT-1781777912848	Urgent ticket	<p>ticket with info</p>	2	2	3	QC_admin_rahul_patil	QC_admin_rahul_patil	\N	2026-06-19 16:52:00	\N	f	2026-06-18 16:53:45.324608	\N	9	1	QC	\N
5	TKT-1781605410382	Hello from krish	<p>Testing by krish.</p>	1	3	1	QC_employee_krish_bhojwani	QC_admin_rahul_patil	\N	\N	\N	f	2026-06-18 17:47:28.027858	\N	6	1	QC	\N
12	TKT-1781968525173	fghjkl.	<p>trdjch m</p>	1	1	1	QC_admin_krish_bhojwani	QC_admin_rahul_patil	\N	\N	\N	f	2026-06-20 20:47:15.385188	\N	6	3	QC	\N
13	TKT-1781968835532	mbkjvkjhcvjh	<p>mjbjkugu</p>	3	3	1	QC_admin_rahul_patil	\N	\N	\N	\N	f	2026-06-20 20:50:35.573004	\N	\N	1	QC	\N
15	TKT-1782104595727	ASDFGHJKL;	<p>ASDFGHJKL;</p>	13	14	12	SAT_EMPLOYEE_KRISH	SAT_EMPLOYEE_temp	\N	2026-06-24 00:00:00	\N	f	2026-06-22 10:34:19.6716	\N	19	\N	SAT	\N
16	TKT-1782219108670	Auto Routing Test Ticket	Testing if ticket is assigned to one of the routing assignees and allocated to all.	1	2	1	QC_admin_rahul_patil	QC_employee_sneha_iyer	\N	\N	\N	f	2026-06-23 18:21:48.825723	\N	6	1	QC	QC_admin_rahul_patil
17	TKT-1782219611078	Auto Routing Test Ticket	Testing if ticket is assigned to one of the routing assignees and allocated to all.	1	2	1	QC_admin_rahul_patil	QC_employee_sneha_iyer	\N	\N	\N	f	2026-06-23 18:30:11.229968	\N	6	1	QC	QC_admin_rahul_patil
14	TKT-1781969219783	m k j  jkn 	<p>m nikonjn</p>	1	3	3	QC_admin_rahul_patil	QC_employee_sneha_iyer	\N	\N	\N	f	2026-06-24 16:25:16.49574	\N	7	1	QC	QC_manager_anjali_verma|QC_employee_sneha_iyer|QC_manager_amit_sharma|QC_employee_rohit_kulkarni
\.


--
-- TOC entry 5239 (class 0 OID 19328)
-- Dependencies: 247
-- Data for Name: users; Type: TABLE DATA; Schema: public; Owner: postgres
--

COPY public.users (user_serial_no, role_id, user_code, first_name, last_name, email, password_hash, phone, is_active, update_timestamp, department_id, company_code) FROM stdin;
2	1	QC_admin_rahul_patil	Rahul	Patil	sales1@quincecapital.com	$2b$10$jMCMc5N4OsxWW/a7WJzKDOkknW8uq1MAoe9hACVURx31f..t2jsJK	9999999002	t	2026-06-21 13:02:55.853525	1	QC
3	1	ATNG_admin_priya_shah	Priya	Shah	sales2@quincecapital.com	$2b$10$jMCMc5N4OsxWW/a7WJzKDOkknW8uq1MAoe9hACVURx31f..t2jsJK	9999999003	t	2026-06-21 13:02:55.853525	6	ATNG
4	2	QC_manager_anjali_verma	Anjali	Verma	hr1@quincecapital.com	$2b$10$jMCMc5N4OsxWW/a7WJzKDOkknW8uq1MAoe9hACVURx31f..t2jsJK	9999999004	t	2026-06-21 13:02:55.853525	2	QC
5	3	QC_employee_sneha_iyer	Sneha	Iyer	hr2@quincecapital.com	$2b$10$jMCMc5N4OsxWW/a7WJzKDOkknW8uq1MAoe9hACVURx31f..t2jsJK	9999999005	t	2026-06-21 13:02:55.853525	2	QC
6	2	QC_manager_amit_sharma	Amit	Sharma	it1@quincecapital.com	$2b$10$jMCMc5N4OsxWW/a7WJzKDOkknW8uq1MAoe9hACVURx31f..t2jsJK	9999999006	t	2026-06-21 13:02:55.853525	3	QC
7	3	QC_employee_rohit_kulkarni	Rohit	Kulkarni	it2@quincecapital.com	$2b$10$jMCMc5N4OsxWW/a7WJzKDOkknW8uq1MAoe9hACVURx31f..t2jsJK	9999999007	t	2026-06-21 13:02:55.853525	3	QC
8	2	QC_manager_pooja_deshmukh	Pooja	Deshmukh	finance1@quincecapital.com	$2b$10$jMCMc5N4OsxWW/a7WJzKDOkknW8uq1MAoe9hACVURx31f..t2jsJK	9999999008	t	2026-06-21 13:02:55.853525	4	QC
9	3	QC_employee_neha_joshi	Neha	Joshi	finance2@quincecapital.com	$2b$10$jMCMc5N4OsxWW/a7WJzKDOkknW8uq1MAoe9hACVURx31f..t2jsJK	9999999009	t	2026-06-21 13:02:55.853525	4	QC
10	1	ATNG_admin_vikram_singh	Vikram	Singh	admin@alphatng.com	$2b$10$jMCMc5N4OsxWW/a7WJzKDOkknW8uq1MAoe9hACVURx31f..t2jsJK	9999999010	t	2026-06-21 13:02:55.853525	7	ATNG
11	2	ATNG_manager_karan_patel	Karan	Patel	sales@alphatng.com	$2b$10$jMCMc5N4OsxWW/a7WJzKDOkknW8uq1MAoe9hACVURx31f..t2jsJK	9999999011	t	2026-06-21 13:02:55.853525	5	ATNG
12	2	ATNG_manager_ritika_gupta	Ritika	Gupta	hr@alphatng.com	$2b$10$jMCMc5N4OsxWW/a7WJzKDOkknW8uq1MAoe9hACVURx31f..t2jsJK	9999999012	t	2026-06-21 13:02:55.853525	6	ATNG
13	2	ATNG_manager_aditya_sharma	Aditya	Sharma	it@alphatng.com	$2b$10$jMCMc5N4OsxWW/a7WJzKDOkknW8uq1MAoe9hACVURx31f..t2jsJK	9999999013	t	2026-06-21 13:02:55.853525	7	ATNG
14	2	ATNG_manager_megha_jain	Megha	Jain	finance@alphatng.com	$2b$10$jMCMc5N4OsxWW/a7WJzKDOkknW8uq1MAoe9hACVURx31f..t2jsJK	9999999014	t	2026-06-21 13:02:55.853525	8	ATNG
37	3	QC_employee_krish_bhojwani	krish	bhojwani	k@gmail.com	$2b$10$jMCMc5N4OsxWW/a7WJzKDOkknW8uq1MAoe9hACVURx31f..t2jsJK		t	2026-06-21 13:02:55.853525	1	QC
38	3	QC_employee_krish_bhojwani_2	krish	bhojwani	krish@gmail.com	$2b$10$jMCMc5N4OsxWW/a7WJzKDOkknW8uq1MAoe9hACVURx31f..t2jsJK		t	2026-06-21 13:02:55.853525	1	QC
39	1	QC_admin_krish_bhojwani_2	Krish	Bhojwani	krishtbhojwani@gmail.com	$2b$10$jMCMc5N4OsxWW/a7WJzKDOkknW8uq1MAoe9hACVURx31f..t2jsJK	\N	t	2026-06-21 13:02:55.853525	3	QC
42	1	SAT_ADMIN_NANDU	nandu	gatla	nandu@gmail.com	$2b$10$eZnVxJAJaX11xoBKXvK/E.LMpf01mhAcrfJkiZwdAtqtc0vMNxX3m	\N	t	2026-06-22 10:27:13.162617	\N	SAT
43	3	SAT_EMPLOYEE_KRISH	krish	bhojwani	krish56@gmail.com	$2b$10$pihCAJXseDYb8N8mDZu8X.6iJfvilQKgeCftF4/zHfuP43Q8wZtZ.	\N	t	2026-06-22 10:28:31.456154	\N	SAT
44	3	SAT_EMPLOYEE_temp	temp	temp	sdfg@dfghj.com	$2b$10$bOMgdOu0m6EzsZ4sDVA8aOPyOK/KnBmnuT/Nims5q6i4kIlbPRPLe	\N	t	2026-06-22 10:30:23.594634	\N	SAT
40	4	QC_super_admin_system_admin	System	Admin	superadmin@quincecapital.com	$2b$10$jMCMc5N4OsxWW/a7WJzKDOkknW8uq1MAoe9hACVURx31f..t2jsJK	9999999000	t	2026-06-21 13:02:55.858024	\N	\N
1	4	QC_admin_krish_bhojwani	Krish	Bhojwani	admin@quincecapital.com	$2b$10$jMCMc5N4OsxWW/a7WJzKDOkknW8uq1MAoe9hACVURx31f..t2jsJK	9999999001	t	2026-06-21 13:02:55.853525	\N	\N
45	1	TEMP_krish	krish	bhojwani	krish98765@gmail.com	$2b$10$JgWqW6sjY/B8sIffIB/w2.nH5kMO6dRnhUmWSgdANGB72pVMyHage	\N	t	2026-06-22 14:36:01.196029	\N	TEMP
46	2	ALPHA_Krishsf6	krish	xfghjkl	krishsg6@alphatnd.com	$2b$10$Vl6Ci2ONuyixYsUQ2lazTe5HLDYdDnRx6SbvegYYui/0qQ5Fih2dK	\N	t	2026-06-22 15:38:45.403939	8	ATNG
47	1	TEMP_nandu	Nandu	Gatla	nandugatla29@gmail.com	$2b$10$L2LKqvDI1MTahvo94Ze0a.otYReo.Y7cPz9WLQ3e2maGxBDN66vlq	\N	t	2026-06-23 17:43:39.848622	11	NANDU
48	3	QC_employee_test_user	Test	User	testuser@test.com	$2b$10$Zzj1Kq3MTbGKhpb5BC0jweSzlEzf.wehKiPgP062vvfX.XjD8gnNG		t	2026-06-24 17:57:25.083779	3	QC
\.


--
-- TOC entry 5265 (class 0 OID 0)
-- Dependencies: 220
-- Name: comment_attachments_attachment_id_seq; Type: SEQUENCE SET; Schema: public; Owner: postgres
--

SELECT pg_catalog.setval('public.comment_attachments_attachment_id_seq', 3, true);


--
-- TOC entry 5266 (class 0 OID 0)
-- Dependencies: 222
-- Name: companies_company_id_seq; Type: SEQUENCE SET; Schema: public; Owner: postgres
--

SELECT pg_catalog.setval('public.companies_company_id_seq', 5, true);


--
-- TOC entry 5267 (class 0 OID 0)
-- Dependencies: 224
-- Name: departments_department_id_seq; Type: SEQUENCE SET; Schema: public; Owner: postgres
--

SELECT pg_catalog.setval('public.departments_department_id_seq', 12, true);


--
-- TOC entry 5268 (class 0 OID 0)
-- Dependencies: 249
-- Name: email_configs_id_seq; Type: SEQUENCE SET; Schema: public; Owner: krish
--

SELECT pg_catalog.setval('public.email_configs_id_seq', 5, true);


--
-- TOC entry 5269 (class 0 OID 0)
-- Dependencies: 226
-- Name: roles_role_id_seq; Type: SEQUENCE SET; Schema: public; Owner: postgres
--

SELECT pg_catalog.setval('public.roles_role_id_seq', 5, true);


--
-- TOC entry 5270 (class 0 OID 0)
-- Dependencies: 228
-- Name: tags_tag_id_seq; Type: SEQUENCE SET; Schema: public; Owner: postgres
--

SELECT pg_catalog.setval('public.tags_tag_id_seq', 16, true);


--
-- TOC entry 5271 (class 0 OID 0)
-- Dependencies: 230
-- Name: ticket_attachments_attachment_id_seq; Type: SEQUENCE SET; Schema: public; Owner: postgres
--

SELECT pg_catalog.setval('public.ticket_attachments_attachment_id_seq', 2, true);


--
-- TOC entry 5272 (class 0 OID 0)
-- Dependencies: 232
-- Name: ticket_categories_category_id_seq; Type: SEQUENCE SET; Schema: public; Owner: postgres
--

SELECT pg_catalog.setval('public.ticket_categories_category_id_seq', 15, true);


--
-- TOC entry 5273 (class 0 OID 0)
-- Dependencies: 234
-- Name: ticket_comments_comment_id_seq; Type: SEQUENCE SET; Schema: public; Owner: postgres
--

SELECT pg_catalog.setval('public.ticket_comments_comment_id_seq', 18, true);


--
-- TOC entry 5274 (class 0 OID 0)
-- Dependencies: 236
-- Name: ticket_history_history_id_seq; Type: SEQUENCE SET; Schema: public; Owner: postgres
--

SELECT pg_catalog.setval('public.ticket_history_history_id_seq', 51, true);


--
-- TOC entry 5275 (class 0 OID 0)
-- Dependencies: 238
-- Name: ticket_priorities_priority_id_seq; Type: SEQUENCE SET; Schema: public; Owner: postgres
--

SELECT pg_catalog.setval('public.ticket_priorities_priority_id_seq', 21, true);


--
-- TOC entry 5276 (class 0 OID 0)
-- Dependencies: 240
-- Name: ticket_statuses_status_id_seq; Type: SEQUENCE SET; Schema: public; Owner: postgres
--

SELECT pg_catalog.setval('public.ticket_statuses_status_id_seq', 20, true);


--
-- TOC entry 5277 (class 0 OID 0)
-- Dependencies: 242
-- Name: ticket_subcategories_subcategory_id_seq; Type: SEQUENCE SET; Schema: public; Owner: postgres
--

SELECT pg_catalog.setval('public.ticket_subcategories_subcategory_id_seq', 19, true);


--
-- TOC entry 5278 (class 0 OID 0)
-- Dependencies: 244
-- Name: ticket_time_entries_entry_id_seq; Type: SEQUENCE SET; Schema: public; Owner: postgres
--

SELECT pg_catalog.setval('public.ticket_time_entries_entry_id_seq', 25, true);


--
-- TOC entry 5279 (class 0 OID 0)
-- Dependencies: 246
-- Name: tickets_ticket_id_seq; Type: SEQUENCE SET; Schema: public; Owner: postgres
--

SELECT pg_catalog.setval('public.tickets_ticket_id_seq', 17, true);


--
-- TOC entry 5280 (class 0 OID 0)
-- Dependencies: 248
-- Name: users_user_serial_no_seq; Type: SEQUENCE SET; Schema: public; Owner: postgres
--

SELECT pg_catalog.setval('public.users_user_serial_no_seq', 48, true);


--
-- TOC entry 4987 (class 2606 OID 19357)
-- Name: comment_attachments comment_attachments_pkey; Type: CONSTRAINT; Schema: public; Owner: postgres
--

ALTER TABLE ONLY public.comment_attachments
    ADD CONSTRAINT comment_attachments_pkey PRIMARY KEY (attachment_id);


--
-- TOC entry 4990 (class 2606 OID 19359)
-- Name: companies companies_company_code_key; Type: CONSTRAINT; Schema: public; Owner: postgres
--

ALTER TABLE ONLY public.companies
    ADD CONSTRAINT companies_company_code_key UNIQUE (company_code);


--
-- TOC entry 4992 (class 2606 OID 19361)
-- Name: companies companies_pkey; Type: CONSTRAINT; Schema: public; Owner: postgres
--

ALTER TABLE ONLY public.companies
    ADD CONSTRAINT companies_pkey PRIMARY KEY (company_id);


--
-- TOC entry 4994 (class 2606 OID 19363)
-- Name: departments departments_pkey; Type: CONSTRAINT; Schema: public; Owner: postgres
--

ALTER TABLE ONLY public.departments
    ADD CONSTRAINT departments_pkey PRIMARY KEY (department_id);


--
-- TOC entry 5042 (class 2606 OID 19531)
-- Name: email_configs email_configs_pkey; Type: CONSTRAINT; Schema: public; Owner: krish
--

ALTER TABLE ONLY public.email_configs
    ADD CONSTRAINT email_configs_pkey PRIMARY KEY (id);


--
-- TOC entry 4996 (class 2606 OID 19365)
-- Name: roles roles_pkey; Type: CONSTRAINT; Schema: public; Owner: postgres
--

ALTER TABLE ONLY public.roles
    ADD CONSTRAINT roles_pkey PRIMARY KEY (role_id);


--
-- TOC entry 4998 (class 2606 OID 19367)
-- Name: roles roles_role_name_key; Type: CONSTRAINT; Schema: public; Owner: postgres
--

ALTER TABLE ONLY public.roles
    ADD CONSTRAINT roles_role_name_key UNIQUE (role_name);


--
-- TOC entry 5001 (class 2606 OID 19369)
-- Name: tags tags_pkey; Type: CONSTRAINT; Schema: public; Owner: postgres
--

ALTER TABLE ONLY public.tags
    ADD CONSTRAINT tags_pkey PRIMARY KEY (tag_id);


--
-- TOC entry 5003 (class 2606 OID 19371)
-- Name: ticket_attachments ticket_attachments_pkey; Type: CONSTRAINT; Schema: public; Owner: postgres
--

ALTER TABLE ONLY public.ticket_attachments
    ADD CONSTRAINT ticket_attachments_pkey PRIMARY KEY (attachment_id);


--
-- TOC entry 5006 (class 2606 OID 19373)
-- Name: ticket_categories ticket_categories_pkey; Type: CONSTRAINT; Schema: public; Owner: postgres
--

ALTER TABLE ONLY public.ticket_categories
    ADD CONSTRAINT ticket_categories_pkey PRIMARY KEY (category_id);


--
-- TOC entry 5009 (class 2606 OID 19375)
-- Name: ticket_comments ticket_comments_pkey; Type: CONSTRAINT; Schema: public; Owner: postgres
--

ALTER TABLE ONLY public.ticket_comments
    ADD CONSTRAINT ticket_comments_pkey PRIMARY KEY (comment_id);


--
-- TOC entry 5012 (class 2606 OID 19377)
-- Name: ticket_history ticket_history_pkey; Type: CONSTRAINT; Schema: public; Owner: postgres
--

ALTER TABLE ONLY public.ticket_history
    ADD CONSTRAINT ticket_history_pkey PRIMARY KEY (history_id);


--
-- TOC entry 5015 (class 2606 OID 19379)
-- Name: ticket_priorities ticket_priorities_pkey; Type: CONSTRAINT; Schema: public; Owner: postgres
--

ALTER TABLE ONLY public.ticket_priorities
    ADD CONSTRAINT ticket_priorities_pkey PRIMARY KEY (priority_id);


--
-- TOC entry 5017 (class 2606 OID 19381)
-- Name: ticket_statuses ticket_statuses_pkey; Type: CONSTRAINT; Schema: public; Owner: postgres
--

ALTER TABLE ONLY public.ticket_statuses
    ADD CONSTRAINT ticket_statuses_pkey PRIMARY KEY (status_id);


--
-- TOC entry 5019 (class 2606 OID 19383)
-- Name: ticket_subcategories ticket_subcategories_pkey; Type: CONSTRAINT; Schema: public; Owner: postgres
--

ALTER TABLE ONLY public.ticket_subcategories
    ADD CONSTRAINT ticket_subcategories_pkey PRIMARY KEY (subcategory_id);


--
-- TOC entry 5023 (class 2606 OID 19385)
-- Name: ticket_time_entries ticket_time_entries_pkey; Type: CONSTRAINT; Schema: public; Owner: postgres
--

ALTER TABLE ONLY public.ticket_time_entries
    ADD CONSTRAINT ticket_time_entries_pkey PRIMARY KEY (entry_id);


--
-- TOC entry 5032 (class 2606 OID 19387)
-- Name: tickets tickets_pkey; Type: CONSTRAINT; Schema: public; Owner: postgres
--

ALTER TABLE ONLY public.tickets
    ADD CONSTRAINT tickets_pkey PRIMARY KEY (ticket_id);


--
-- TOC entry 5034 (class 2606 OID 19389)
-- Name: tickets tickets_ticket_no_key; Type: CONSTRAINT; Schema: public; Owner: postgres
--

ALTER TABLE ONLY public.tickets
    ADD CONSTRAINT tickets_ticket_no_key UNIQUE (ticket_no);


--
-- TOC entry 5036 (class 2606 OID 19391)
-- Name: users users_email_key; Type: CONSTRAINT; Schema: public; Owner: postgres
--

ALTER TABLE ONLY public.users
    ADD CONSTRAINT users_email_key UNIQUE (email);


--
-- TOC entry 5038 (class 2606 OID 19393)
-- Name: users users_pkey; Type: CONSTRAINT; Schema: public; Owner: postgres
--

ALTER TABLE ONLY public.users
    ADD CONSTRAINT users_pkey PRIMARY KEY (user_serial_no);


--
-- TOC entry 5040 (class 2606 OID 19395)
-- Name: users users_user_code_key; Type: CONSTRAINT; Schema: public; Owner: postgres
--

ALTER TABLE ONLY public.users
    ADD CONSTRAINT users_user_code_key UNIQUE (user_code);


--
-- TOC entry 4988 (class 1259 OID 19396)
-- Name: idx_comment_attachments_comment; Type: INDEX; Schema: public; Owner: postgres
--

CREATE INDEX idx_comment_attachments_comment ON public.comment_attachments USING btree (comment_id);


--
-- TOC entry 5007 (class 1259 OID 19397)
-- Name: idx_comments_ticket; Type: INDEX; Schema: public; Owner: postgres
--

CREATE INDEX idx_comments_ticket ON public.ticket_comments USING btree (ticket_id);


--
-- TOC entry 5043 (class 1259 OID 19532)
-- Name: idx_email_configs_company_active; Type: INDEX; Schema: public; Owner: krish
--

CREATE INDEX idx_email_configs_company_active ON public.email_configs USING btree (company_code, is_active);


--
-- TOC entry 5010 (class 1259 OID 19398)
-- Name: idx_history_ticket; Type: INDEX; Schema: public; Owner: postgres
--

CREATE INDEX idx_history_ticket ON public.ticket_history USING btree (ticket_id);


--
-- TOC entry 4999 (class 1259 OID 19399)
-- Name: idx_tags_company; Type: INDEX; Schema: public; Owner: postgres
--

CREATE INDEX idx_tags_company ON public.tags USING btree (company_code);


--
-- TOC entry 5004 (class 1259 OID 19400)
-- Name: idx_ticket_categories_company; Type: INDEX; Schema: public; Owner: postgres
--

CREATE INDEX idx_ticket_categories_company ON public.ticket_categories USING btree (company_code);


--
-- TOC entry 5024 (class 1259 OID 19401)
-- Name: idx_ticket_no; Type: INDEX; Schema: public; Owner: postgres
--

CREATE INDEX idx_ticket_no ON public.tickets USING btree (ticket_no);


--
-- TOC entry 5013 (class 1259 OID 19402)
-- Name: idx_ticket_priorities_company; Type: INDEX; Schema: public; Owner: postgres
--

CREATE INDEX idx_ticket_priorities_company ON public.ticket_priorities USING btree (company_code);


--
-- TOC entry 5025 (class 1259 OID 19403)
-- Name: idx_ticket_subject; Type: INDEX; Schema: public; Owner: postgres
--

CREATE INDEX idx_ticket_subject ON public.tickets USING btree (subject);


--
-- TOC entry 5026 (class 1259 OID 19404)
-- Name: idx_tickets_assigned; Type: INDEX; Schema: public; Owner: postgres
--

CREATE INDEX idx_tickets_assigned ON public.tickets USING btree (assigned_to_user_code);


--
-- TOC entry 5027 (class 1259 OID 19405)
-- Name: idx_tickets_category; Type: INDEX; Schema: public; Owner: postgres
--

CREATE INDEX idx_tickets_category ON public.tickets USING btree (category_id);


--
-- TOC entry 5028 (class 1259 OID 19406)
-- Name: idx_tickets_priority; Type: INDEX; Schema: public; Owner: postgres
--

CREATE INDEX idx_tickets_priority ON public.tickets USING btree (priority_id);


--
-- TOC entry 5029 (class 1259 OID 19407)
-- Name: idx_tickets_raised; Type: INDEX; Schema: public; Owner: postgres
--

CREATE INDEX idx_tickets_raised ON public.tickets USING btree (raised_by_user_code);


--
-- TOC entry 5030 (class 1259 OID 19408)
-- Name: idx_tickets_status; Type: INDEX; Schema: public; Owner: postgres
--

CREATE INDEX idx_tickets_status ON public.tickets USING btree (status_id);


--
-- TOC entry 5020 (class 1259 OID 19409)
-- Name: idx_time_entries_ticket; Type: INDEX; Schema: public; Owner: postgres
--

CREATE INDEX idx_time_entries_ticket ON public.ticket_time_entries USING btree (ticket_id);


--
-- TOC entry 5021 (class 1259 OID 19410)
-- Name: idx_time_entries_user; Type: INDEX; Schema: public; Owner: postgres
--

CREATE INDEX idx_time_entries_user ON public.ticket_time_entries USING btree (user_code);


--
-- TOC entry 5046 (class 2606 OID 19411)
-- Name: ticket_attachments fk_attachment_ticket; Type: FK CONSTRAINT; Schema: public; Owner: postgres
--

ALTER TABLE ONLY public.ticket_attachments
    ADD CONSTRAINT fk_attachment_ticket FOREIGN KEY (ticket_id) REFERENCES public.tickets(ticket_id);


--
-- TOC entry 5047 (class 2606 OID 19416)
-- Name: ticket_categories fk_category_company; Type: FK CONSTRAINT; Schema: public; Owner: postgres
--

ALTER TABLE ONLY public.ticket_categories
    ADD CONSTRAINT fk_category_company FOREIGN KEY (company_code) REFERENCES public.companies(company_code) ON DELETE CASCADE;


--
-- TOC entry 5044 (class 2606 OID 19421)
-- Name: comment_attachments fk_comment_attachment_comment; Type: FK CONSTRAINT; Schema: public; Owner: postgres
--

ALTER TABLE ONLY public.comment_attachments
    ADD CONSTRAINT fk_comment_attachment_comment FOREIGN KEY (comment_id) REFERENCES public.ticket_comments(comment_id) ON DELETE CASCADE;


--
-- TOC entry 5049 (class 2606 OID 19426)
-- Name: ticket_comments fk_comment_ticket; Type: FK CONSTRAINT; Schema: public; Owner: postgres
--

ALTER TABLE ONLY public.ticket_comments
    ADD CONSTRAINT fk_comment_ticket FOREIGN KEY (ticket_id) REFERENCES public.tickets(ticket_id);


--
-- TOC entry 5050 (class 2606 OID 19431)
-- Name: ticket_history fk_history_ticket; Type: FK CONSTRAINT; Schema: public; Owner: postgres
--

ALTER TABLE ONLY public.ticket_history
    ADD CONSTRAINT fk_history_ticket FOREIGN KEY (ticket_id) REFERENCES public.tickets(ticket_id);


--
-- TOC entry 5051 (class 2606 OID 19436)
-- Name: ticket_priorities fk_priority_company; Type: FK CONSTRAINT; Schema: public; Owner: postgres
--

ALTER TABLE ONLY public.ticket_priorities
    ADD CONSTRAINT fk_priority_company FOREIGN KEY (company_code) REFERENCES public.companies(company_code) ON DELETE CASCADE;


--
-- TOC entry 5053 (class 2606 OID 19441)
-- Name: ticket_statuses fk_status_company; Type: FK CONSTRAINT; Schema: public; Owner: postgres
--

ALTER TABLE ONLY public.ticket_statuses
    ADD CONSTRAINT fk_status_company FOREIGN KEY (company_code) REFERENCES public.companies(company_code) ON DELETE CASCADE;


--
-- TOC entry 5054 (class 2606 OID 19446)
-- Name: ticket_subcategories fk_subcategory_category; Type: FK CONSTRAINT; Schema: public; Owner: postgres
--

ALTER TABLE ONLY public.ticket_subcategories
    ADD CONSTRAINT fk_subcategory_category FOREIGN KEY (category_id) REFERENCES public.ticket_categories(category_id);


--
-- TOC entry 5055 (class 2606 OID 19451)
-- Name: ticket_subcategories fk_subcategory_company; Type: FK CONSTRAINT; Schema: public; Owner: postgres
--

ALTER TABLE ONLY public.ticket_subcategories
    ADD CONSTRAINT fk_subcategory_company FOREIGN KEY (company_code) REFERENCES public.companies(company_code) ON DELETE CASCADE;


--
-- TOC entry 5045 (class 2606 OID 19456)
-- Name: tags fk_tags_company; Type: FK CONSTRAINT; Schema: public; Owner: postgres
--

ALTER TABLE ONLY public.tags
    ADD CONSTRAINT fk_tags_company FOREIGN KEY (company_code) REFERENCES public.companies(company_code);


--
-- TOC entry 5048 (class 2606 OID 19461)
-- Name: ticket_categories fk_ticket_categories_company; Type: FK CONSTRAINT; Schema: public; Owner: postgres
--

ALTER TABLE ONLY public.ticket_categories
    ADD CONSTRAINT fk_ticket_categories_company FOREIGN KEY (company_code) REFERENCES public.companies(company_code);


--
-- TOC entry 5057 (class 2606 OID 19466)
-- Name: tickets fk_ticket_category; Type: FK CONSTRAINT; Schema: public; Owner: postgres
--

ALTER TABLE ONLY public.tickets
    ADD CONSTRAINT fk_ticket_category FOREIGN KEY (category_id) REFERENCES public.ticket_categories(category_id);


--
-- TOC entry 5052 (class 2606 OID 19471)
-- Name: ticket_priorities fk_ticket_priorities_company; Type: FK CONSTRAINT; Schema: public; Owner: postgres
--

ALTER TABLE ONLY public.ticket_priorities
    ADD CONSTRAINT fk_ticket_priorities_company FOREIGN KEY (company_code) REFERENCES public.companies(company_code);


--
-- TOC entry 5058 (class 2606 OID 19476)
-- Name: tickets fk_ticket_priority; Type: FK CONSTRAINT; Schema: public; Owner: postgres
--

ALTER TABLE ONLY public.tickets
    ADD CONSTRAINT fk_ticket_priority FOREIGN KEY (priority_id) REFERENCES public.ticket_priorities(priority_id);


--
-- TOC entry 5059 (class 2606 OID 19481)
-- Name: tickets fk_ticket_status; Type: FK CONSTRAINT; Schema: public; Owner: postgres
--

ALTER TABLE ONLY public.tickets
    ADD CONSTRAINT fk_ticket_status FOREIGN KEY (status_id) REFERENCES public.ticket_statuses(status_id);


--
-- TOC entry 5060 (class 2606 OID 19486)
-- Name: tickets fk_ticket_subcategory; Type: FK CONSTRAINT; Schema: public; Owner: postgres
--

ALTER TABLE ONLY public.tickets
    ADD CONSTRAINT fk_ticket_subcategory FOREIGN KEY (subcategory_id) REFERENCES public.ticket_subcategories(subcategory_id);


--
-- TOC entry 5061 (class 2606 OID 19491)
-- Name: tickets fk_tickets_department; Type: FK CONSTRAINT; Schema: public; Owner: postgres
--

ALTER TABLE ONLY public.tickets
    ADD CONSTRAINT fk_tickets_department FOREIGN KEY (department_id) REFERENCES public.departments(department_id);


--
-- TOC entry 5062 (class 2606 OID 19496)
-- Name: users fk_users_department; Type: FK CONSTRAINT; Schema: public; Owner: postgres
--

ALTER TABLE ONLY public.users
    ADD CONSTRAINT fk_users_department FOREIGN KEY (department_id) REFERENCES public.departments(department_id);


--
-- TOC entry 5063 (class 2606 OID 19501)
-- Name: users fk_users_role; Type: FK CONSTRAINT; Schema: public; Owner: postgres
--

ALTER TABLE ONLY public.users
    ADD CONSTRAINT fk_users_role FOREIGN KEY (role_id) REFERENCES public.roles(role_id);


--
-- TOC entry 5056 (class 2606 OID 19506)
-- Name: ticket_time_entries ticket_time_entries_ticket_id_fkey; Type: FK CONSTRAINT; Schema: public; Owner: postgres
--

ALTER TABLE ONLY public.ticket_time_entries
    ADD CONSTRAINT ticket_time_entries_ticket_id_fkey FOREIGN KEY (ticket_id) REFERENCES public.tickets(ticket_id) ON DELETE CASCADE;


--
-- TOC entry 5249 (class 0 OID 0)
-- Dependencies: 5
-- Name: SCHEMA public; Type: ACL; Schema: -; Owner: krish
--

REVOKE USAGE ON SCHEMA public FROM PUBLIC;


-- Completed on 2026-06-24 18:47:24

--
-- PostgreSQL database dump complete
--

\unrestrict HmqTw10FwxFhLLPe0kj9hV6gyR0Sy2BJbvYo1GshUdgWq7a9AW8jFsJLa2PpMv5

