--
-- PostgreSQL database dump
--

\restrict FR9K2wL6WFVhWYhONnajG5aaDeh78dUd5b4DAXdCtk5oHv7OBJCSqG1Ys2gxwjE

-- Dumped from database version 18.4
-- Dumped by pg_dump version 18.4

-- Started on 2026-06-25 16:17:23

SET statement_timeout = 0;
SET lock_timeout = 0;
SET idle_in_transaction_session_timeout = 0;
SET transaction_timeout = 0;
SET client_encoding = 'UTF8';
SET standard_conforming_strings = on;
SELECT pg_catalog.set_config('search_path', '', false);
SET check_function_bodies = false;
SET xmloption = content;
SET client_min_messages = warning;
SET row_security = off;

--
-- TOC entry 5 (class 2615 OID 2200)
-- Name: public; Type: SCHEMA; Schema: -; Owner: krish
--

-- *not* creating schema, since initdb creates it


ALTER SCHEMA public OWNER TO krish;

--
-- TOC entry 5292 (class 0 OID 0)
-- Dependencies: 5
-- Name: SCHEMA public; Type: COMMENT; Schema: -; Owner: krish
--

COMMENT ON SCHEMA public IS '';


--
-- TOC entry 256 (class 1255 OID 20285)
-- Name: returntable(text, text); Type: FUNCTION; Schema: public; Owner: krish
--

CREATE FUNCTION public.returntable(itemlist text, delimiter_char text) RETURNS TABLE(value character varying)
    LANGUAGE plpgsql
    AS $$
BEGIN
    RETURN QUERY
    SELECT unnest(string_to_array(itemlist, delimiter_char))::character varying;
END;
$$;


ALTER FUNCTION public.returntable(itemlist text, delimiter_char text) OWNER TO krish;

--
-- TOC entry 257 (class 1255 OID 20286)
-- Name: set_company_ticket_serial(); Type: FUNCTION; Schema: public; Owner: postgres
--

CREATE FUNCTION public.set_company_ticket_serial() RETURNS trigger
    LANGUAGE plpgsql
    AS $$
DECLARE
  next_serial bigint;
BEGIN
  IF NEW.company_ticket_serial IS NULL THEN
    -- Lock based on company code hash to prevent concurrent duplicates
    PERFORM pg_advisory_xact_lock(hashtext(NEW.company_code));
    
    SELECT COALESCE(MAX(company_ticket_serial), 0) + 1
    INTO next_serial
    FROM public.tickets
    WHERE company_code = NEW.company_code;
    
    NEW.company_ticket_serial := next_serial;
  END IF;
  RETURN NEW;
END;
$$;


ALTER FUNCTION public.set_company_ticket_serial() OWNER TO postgres;

--
-- TOC entry 258 (class 1255 OID 20287)
-- Name: set_test_company_serial(); Type: FUNCTION; Schema: public; Owner: postgres
--

CREATE FUNCTION public.set_test_company_serial() RETURNS trigger
    LANGUAGE plpgsql
    AS $$
    DECLARE
      next_serial bigint;
    BEGIN
      -- Lock based on company code hash to prevent concurrent duplicates
      PERFORM pg_advisory_xact_lock(hashtext(NEW.company_code));
      
      SELECT COALESCE(MAX(company_ticket_serial), 0) + 1
      INTO next_serial
      FROM test_company_seq
      WHERE company_code = NEW.company_code;
      
      NEW.company_ticket_serial := next_serial;
      RETURN NEW;
    END;
    $$;


ALTER FUNCTION public.set_test_company_serial() OWNER TO postgres;

--
-- TOC entry 259 (class 1255 OID 20288)
-- Name: test_trig_func(); Type: FUNCTION; Schema: public; Owner: postgres
--

CREATE FUNCTION public.test_trig_func() RETURNS trigger
    LANGUAGE plpgsql
    AS $$
    BEGIN
      NEW.ticket_no := NEW.company_code || '-' || (100000 + NEW.id)::text;
      RETURN NEW;
    END;
    $$;


ALTER FUNCTION public.test_trig_func() OWNER TO postgres;

SET default_tablespace = '';

SET default_table_access_method = heap;

--
-- TOC entry 219 (class 1259 OID 20289)
-- Name: comment_attachments; Type: TABLE; Schema: public; Owner: postgres
--

CREATE TABLE public.comment_attachments (
    attachment_id bigint NOT NULL,
    comment_id bigint NOT NULL,
    file_name character varying(255) NOT NULL,
    stored_name character varying(255) NOT NULL,
    mime_type character varying(150),
    file_size bigint,
    uploaded_at timestamp without time zone DEFAULT CURRENT_TIMESTAMP
);


ALTER TABLE public.comment_attachments OWNER TO postgres;

--
-- TOC entry 220 (class 1259 OID 20299)
-- Name: comment_attachments_attachment_id_seq; Type: SEQUENCE; Schema: public; Owner: postgres
--

ALTER TABLE public.comment_attachments ALTER COLUMN attachment_id ADD GENERATED BY DEFAULT AS IDENTITY (
    SEQUENCE NAME public.comment_attachments_attachment_id_seq
    START WITH 1
    INCREMENT BY 1
    NO MINVALUE
    NO MAXVALUE
    CACHE 1
);


--
-- TOC entry 221 (class 1259 OID 20300)
-- Name: companies; Type: TABLE; Schema: public; Owner: postgres
--

CREATE TABLE public.companies (
    company_id bigint NOT NULL,
    company_name character varying(255) NOT NULL,
    company_code character varying(50) NOT NULL,
    email character varying(255),
    phone character varying(20),
    address text,
    is_active boolean DEFAULT true,
    update_timestamp timestamp without time zone DEFAULT CURRENT_TIMESTAMP,
    is_deleted boolean DEFAULT false,
    logo_url text,
    email_domain character varying(100),
    favicon_url text,
    helpdesk_title character varying(255),
    title_link text,
    smtp_host character varying(255),
    smtp_port integer,
    smtp_user character varying(255),
    smtp_pass character varying(255),
    email_from_name character varying(255),
    welcome_subject character varying(255),
    welcome_template text
);


ALTER TABLE public.companies OWNER TO postgres;

--
-- TOC entry 222 (class 1259 OID 20311)
-- Name: companies_company_id_seq; Type: SEQUENCE; Schema: public; Owner: postgres
--

CREATE SEQUENCE public.companies_company_id_seq
    START WITH 1
    INCREMENT BY 1
    NO MINVALUE
    NO MAXVALUE
    CACHE 1;


ALTER SEQUENCE public.companies_company_id_seq OWNER TO postgres;

--
-- TOC entry 5294 (class 0 OID 0)
-- Dependencies: 222
-- Name: companies_company_id_seq; Type: SEQUENCE OWNED BY; Schema: public; Owner: postgres
--

ALTER SEQUENCE public.companies_company_id_seq OWNED BY public.companies.company_id;


--
-- TOC entry 223 (class 1259 OID 20312)
-- Name: departments; Type: TABLE; Schema: public; Owner: postgres
--

CREATE TABLE public.departments (
    department_id bigint NOT NULL,
    department_name character varying(100) NOT NULL,
    is_active boolean DEFAULT true,
    update_timestamp timestamp without time zone DEFAULT CURRENT_TIMESTAMP,
    company_code character varying(50) NOT NULL
);


ALTER TABLE public.departments OWNER TO postgres;

--
-- TOC entry 224 (class 1259 OID 20320)
-- Name: departments_department_id_seq; Type: SEQUENCE; Schema: public; Owner: postgres
--

CREATE SEQUENCE public.departments_department_id_seq
    START WITH 1
    INCREMENT BY 1
    NO MINVALUE
    NO MAXVALUE
    CACHE 1;


ALTER SEQUENCE public.departments_department_id_seq OWNER TO postgres;

--
-- TOC entry 5295 (class 0 OID 0)
-- Dependencies: 224
-- Name: departments_department_id_seq; Type: SEQUENCE OWNED BY; Schema: public; Owner: postgres
--

ALTER SEQUENCE public.departments_department_id_seq OWNED BY public.departments.department_id;


--
-- TOC entry 225 (class 1259 OID 20321)
-- Name: email_configs; Type: TABLE; Schema: public; Owner: krish
--

CREATE TABLE public.email_configs (
    id integer NOT NULL,
    company_code character varying(255) NOT NULL,
    config_name character varying(255) NOT NULL,
    smtp_host character varying(255),
    smtp_port integer,
    smtp_user character varying(255),
    smtp_pass character varying(255),
    email_from_name character varying(255),
    welcome_subject character varying(255),
    welcome_template text,
    send_welcome_email boolean DEFAULT true,
    send_ticket_assignment_email boolean DEFAULT true,
    send_chat_reply_email boolean DEFAULT true,
    send_ticket_update_email boolean DEFAULT true,
    send_reply_email boolean DEFAULT true,
    is_active boolean DEFAULT false,
    created_timestamp timestamp without time zone DEFAULT CURRENT_TIMESTAMP,
    update_timestamp timestamp without time zone DEFAULT CURRENT_TIMESTAMP
);


ALTER TABLE public.email_configs OWNER TO krish;

--
-- TOC entry 226 (class 1259 OID 20337)
-- Name: email_configs_id_seq; Type: SEQUENCE; Schema: public; Owner: krish
--

CREATE SEQUENCE public.email_configs_id_seq
    AS integer
    START WITH 1
    INCREMENT BY 1
    NO MINVALUE
    NO MAXVALUE
    CACHE 1;


ALTER SEQUENCE public.email_configs_id_seq OWNER TO krish;

--
-- TOC entry 5296 (class 0 OID 0)
-- Dependencies: 226
-- Name: email_configs_id_seq; Type: SEQUENCE OWNED BY; Schema: public; Owner: krish
--

ALTER SEQUENCE public.email_configs_id_seq OWNED BY public.email_configs.id;


--
-- TOC entry 227 (class 1259 OID 20338)
-- Name: roles; Type: TABLE; Schema: public; Owner: postgres
--

CREATE TABLE public.roles (
    role_id bigint NOT NULL,
    role_name character varying(100) NOT NULL,
    description text,
    is_active boolean DEFAULT true,
    update_timestamp timestamp without time zone DEFAULT CURRENT_TIMESTAMP
);


ALTER TABLE public.roles OWNER TO postgres;

--
-- TOC entry 228 (class 1259 OID 20347)
-- Name: roles_role_id_seq; Type: SEQUENCE; Schema: public; Owner: postgres
--

CREATE SEQUENCE public.roles_role_id_seq
    START WITH 1
    INCREMENT BY 1
    NO MINVALUE
    NO MAXVALUE
    CACHE 1;


ALTER SEQUENCE public.roles_role_id_seq OWNER TO postgres;

--
-- TOC entry 5297 (class 0 OID 0)
-- Dependencies: 228
-- Name: roles_role_id_seq; Type: SEQUENCE OWNED BY; Schema: public; Owner: postgres
--

ALTER SEQUENCE public.roles_role_id_seq OWNED BY public.roles.role_id;


--
-- TOC entry 229 (class 1259 OID 20348)
-- Name: tags; Type: TABLE; Schema: public; Owner: postgres
--

CREATE TABLE public.tags (
    tag_id bigint NOT NULL,
    tag_name character varying(100) NOT NULL,
    tag_color character varying(20),
    is_active boolean DEFAULT true,
    update_timestamp timestamp without time zone DEFAULT CURRENT_TIMESTAMP,
    company_code character varying(50) NOT NULL
);


ALTER TABLE public.tags OWNER TO postgres;

--
-- TOC entry 230 (class 1259 OID 20356)
-- Name: tags_tag_id_seq; Type: SEQUENCE; Schema: public; Owner: postgres
--

CREATE SEQUENCE public.tags_tag_id_seq
    START WITH 1
    INCREMENT BY 1
    NO MINVALUE
    NO MAXVALUE
    CACHE 1;


ALTER SEQUENCE public.tags_tag_id_seq OWNER TO postgres;

--
-- TOC entry 5298 (class 0 OID 0)
-- Dependencies: 230
-- Name: tags_tag_id_seq; Type: SEQUENCE OWNED BY; Schema: public; Owner: postgres
--

ALTER SEQUENCE public.tags_tag_id_seq OWNED BY public.tags.tag_id;


--
-- TOC entry 231 (class 1259 OID 20357)
-- Name: test_gen_table; Type: TABLE; Schema: public; Owner: postgres
--

CREATE TABLE public.test_gen_table (
    id integer NOT NULL,
    company_code character varying(50) NOT NULL,
    ticket_no character varying(50) GENERATED ALWAYS AS ((((company_code)::text || '-'::text) || ((100000 + id))::text)) STORED
);


ALTER TABLE public.test_gen_table OWNER TO postgres;

--
-- TOC entry 232 (class 1259 OID 20363)
-- Name: test_gen_table_id_seq; Type: SEQUENCE; Schema: public; Owner: postgres
--

CREATE SEQUENCE public.test_gen_table_id_seq
    AS integer
    START WITH 1
    INCREMENT BY 1
    NO MINVALUE
    NO MAXVALUE
    CACHE 1;


ALTER SEQUENCE public.test_gen_table_id_seq OWNER TO postgres;

--
-- TOC entry 5299 (class 0 OID 0)
-- Dependencies: 232
-- Name: test_gen_table_id_seq; Type: SEQUENCE OWNED BY; Schema: public; Owner: postgres
--

ALTER SEQUENCE public.test_gen_table_id_seq OWNED BY public.test_gen_table.id;


--
-- TOC entry 233 (class 1259 OID 20364)
-- Name: ticket_attachments; Type: TABLE; Schema: public; Owner: postgres
--

CREATE TABLE public.ticket_attachments (
    attachment_id bigint NOT NULL,
    ticket_id bigint NOT NULL,
    file_name character varying(255),
    file_path text,
    uploaded_by_user_code character varying(50),
    uploaded_at timestamp without time zone DEFAULT CURRENT_TIMESTAMP
);


ALTER TABLE public.ticket_attachments OWNER TO postgres;

--
-- TOC entry 234 (class 1259 OID 20372)
-- Name: ticket_attachments_attachment_id_seq; Type: SEQUENCE; Schema: public; Owner: postgres
--

CREATE SEQUENCE public.ticket_attachments_attachment_id_seq
    START WITH 1
    INCREMENT BY 1
    NO MINVALUE
    NO MAXVALUE
    CACHE 1;


ALTER SEQUENCE public.ticket_attachments_attachment_id_seq OWNER TO postgres;

--
-- TOC entry 5300 (class 0 OID 0)
-- Dependencies: 234
-- Name: ticket_attachments_attachment_id_seq; Type: SEQUENCE OWNED BY; Schema: public; Owner: postgres
--

ALTER SEQUENCE public.ticket_attachments_attachment_id_seq OWNED BY public.ticket_attachments.attachment_id;


--
-- TOC entry 235 (class 1259 OID 20373)
-- Name: ticket_categories; Type: TABLE; Schema: public; Owner: postgres
--

CREATE TABLE public.ticket_categories (
    category_id bigint NOT NULL,
    category_name character varying(100) NOT NULL,
    category_description text,
    is_active boolean DEFAULT true,
    update_timestamp timestamp without time zone DEFAULT CURRENT_TIMESTAMP,
    company_code character varying(50) NOT NULL
);


ALTER TABLE public.ticket_categories OWNER TO postgres;

--
-- TOC entry 236 (class 1259 OID 20383)
-- Name: ticket_categories_category_id_seq; Type: SEQUENCE; Schema: public; Owner: postgres
--

CREATE SEQUENCE public.ticket_categories_category_id_seq
    START WITH 1
    INCREMENT BY 1
    NO MINVALUE
    NO MAXVALUE
    CACHE 1;


ALTER SEQUENCE public.ticket_categories_category_id_seq OWNER TO postgres;

--
-- TOC entry 5301 (class 0 OID 0)
-- Dependencies: 236
-- Name: ticket_categories_category_id_seq; Type: SEQUENCE OWNED BY; Schema: public; Owner: postgres
--

ALTER SEQUENCE public.ticket_categories_category_id_seq OWNED BY public.ticket_categories.category_id;


--
-- TOC entry 237 (class 1259 OID 20384)
-- Name: ticket_comments; Type: TABLE; Schema: public; Owner: postgres
--

CREATE TABLE public.ticket_comments (
    comment_id bigint NOT NULL,
    ticket_id bigint NOT NULL,
    commented_by_user_code character varying(50) NOT NULL,
    comment_text text NOT NULL,
    created_at timestamp without time zone DEFAULT CURRENT_TIMESTAMP
);


ALTER TABLE public.ticket_comments OWNER TO postgres;

--
-- TOC entry 238 (class 1259 OID 20394)
-- Name: ticket_comments_comment_id_seq; Type: SEQUENCE; Schema: public; Owner: postgres
--

CREATE SEQUENCE public.ticket_comments_comment_id_seq
    START WITH 1
    INCREMENT BY 1
    NO MINVALUE
    NO MAXVALUE
    CACHE 1;


ALTER SEQUENCE public.ticket_comments_comment_id_seq OWNER TO postgres;

--
-- TOC entry 5302 (class 0 OID 0)
-- Dependencies: 238
-- Name: ticket_comments_comment_id_seq; Type: SEQUENCE OWNED BY; Schema: public; Owner: postgres
--

ALTER SEQUENCE public.ticket_comments_comment_id_seq OWNED BY public.ticket_comments.comment_id;


--
-- TOC entry 255 (class 1259 OID 20682)
-- Name: ticket_freeform_tags; Type: TABLE; Schema: public; Owner: krish
--

CREATE TABLE public.ticket_freeform_tags (
    id bigint NOT NULL,
    ticket_id bigint NOT NULL,
    company_code character varying(50) NOT NULL,
    tag_message character varying(100) NOT NULL,
    user_code character varying(200) NOT NULL,
    created_at timestamp without time zone DEFAULT CURRENT_TIMESTAMP NOT NULL
);


ALTER TABLE public.ticket_freeform_tags OWNER TO krish;

--
-- TOC entry 254 (class 1259 OID 20681)
-- Name: ticket_freeform_tags_id_seq; Type: SEQUENCE; Schema: public; Owner: krish
--

CREATE SEQUENCE public.ticket_freeform_tags_id_seq
    START WITH 1
    INCREMENT BY 1
    NO MINVALUE
    NO MAXVALUE
    CACHE 1;


ALTER SEQUENCE public.ticket_freeform_tags_id_seq OWNER TO krish;

--
-- TOC entry 5303 (class 0 OID 0)
-- Dependencies: 254
-- Name: ticket_freeform_tags_id_seq; Type: SEQUENCE OWNED BY; Schema: public; Owner: krish
--

ALTER SEQUENCE public.ticket_freeform_tags_id_seq OWNED BY public.ticket_freeform_tags.id;


--
-- TOC entry 239 (class 1259 OID 20395)
-- Name: ticket_history; Type: TABLE; Schema: public; Owner: postgres
--

CREATE TABLE public.ticket_history (
    history_id bigint NOT NULL,
    ticket_id bigint NOT NULL,
    field_changed character varying(100),
    old_value text,
    new_value text,
    changed_by_user_code character varying(50),
    changed_at timestamp without time zone DEFAULT CURRENT_TIMESTAMP
);


ALTER TABLE public.ticket_history OWNER TO postgres;

--
-- TOC entry 240 (class 1259 OID 20403)
-- Name: ticket_history_history_id_seq; Type: SEQUENCE; Schema: public; Owner: postgres
--

CREATE SEQUENCE public.ticket_history_history_id_seq
    START WITH 1
    INCREMENT BY 1
    NO MINVALUE
    NO MAXVALUE
    CACHE 1;


ALTER SEQUENCE public.ticket_history_history_id_seq OWNER TO postgres;

--
-- TOC entry 5304 (class 0 OID 0)
-- Dependencies: 240
-- Name: ticket_history_history_id_seq; Type: SEQUENCE OWNED BY; Schema: public; Owner: postgres
--

ALTER SEQUENCE public.ticket_history_history_id_seq OWNED BY public.ticket_history.history_id;


--
-- TOC entry 241 (class 1259 OID 20404)
-- Name: ticket_priorities; Type: TABLE; Schema: public; Owner: postgres
--

CREATE TABLE public.ticket_priorities (
    priority_id bigint NOT NULL,
    priority_name character varying(50) NOT NULL,
    priority_value integer NOT NULL,
    priority_color character varying(20),
    is_active boolean DEFAULT true,
    update_timestamp timestamp without time zone DEFAULT CURRENT_TIMESTAMP,
    company_code character varying(50) NOT NULL
);


ALTER TABLE public.ticket_priorities OWNER TO postgres;

--
-- TOC entry 242 (class 1259 OID 20413)
-- Name: ticket_priorities_priority_id_seq; Type: SEQUENCE; Schema: public; Owner: postgres
--

CREATE SEQUENCE public.ticket_priorities_priority_id_seq
    START WITH 1
    INCREMENT BY 1
    NO MINVALUE
    NO MAXVALUE
    CACHE 1;


ALTER SEQUENCE public.ticket_priorities_priority_id_seq OWNER TO postgres;

--
-- TOC entry 5305 (class 0 OID 0)
-- Dependencies: 242
-- Name: ticket_priorities_priority_id_seq; Type: SEQUENCE OWNED BY; Schema: public; Owner: postgres
--

ALTER SEQUENCE public.ticket_priorities_priority_id_seq OWNED BY public.ticket_priorities.priority_id;


--
-- TOC entry 243 (class 1259 OID 20414)
-- Name: ticket_statuses; Type: TABLE; Schema: public; Owner: postgres
--

CREATE TABLE public.ticket_statuses (
    status_id bigint NOT NULL,
    status_name character varying(100) NOT NULL,
    status_color character varying(20),
    display_order integer DEFAULT 1,
    is_default boolean DEFAULT false,
    is_closed_status boolean DEFAULT false,
    is_active boolean DEFAULT true,
    update_timestamp timestamp without time zone DEFAULT CURRENT_TIMESTAMP,
    company_code character varying(50) NOT NULL
);


ALTER TABLE public.ticket_statuses OWNER TO postgres;

--
-- TOC entry 244 (class 1259 OID 20425)
-- Name: ticket_statuses_status_id_seq; Type: SEQUENCE; Schema: public; Owner: postgres
--

CREATE SEQUENCE public.ticket_statuses_status_id_seq
    START WITH 1
    INCREMENT BY 1
    NO MINVALUE
    NO MAXVALUE
    CACHE 1;


ALTER SEQUENCE public.ticket_statuses_status_id_seq OWNER TO postgres;

--
-- TOC entry 5306 (class 0 OID 0)
-- Dependencies: 244
-- Name: ticket_statuses_status_id_seq; Type: SEQUENCE OWNED BY; Schema: public; Owner: postgres
--

ALTER SEQUENCE public.ticket_statuses_status_id_seq OWNED BY public.ticket_statuses.status_id;


--
-- TOC entry 245 (class 1259 OID 20426)
-- Name: ticket_subcategories; Type: TABLE; Schema: public; Owner: postgres
--

CREATE TABLE public.ticket_subcategories (
    subcategory_id bigint NOT NULL,
    category_id bigint NOT NULL,
    subcategory_name character varying(100) NOT NULL,
    subcategory_description text,
    assigned_user_code character varying(1000),
    is_active boolean DEFAULT true,
    update_timestamp timestamp with time zone DEFAULT now(),
    company_code character varying(50) NOT NULL
);


ALTER TABLE public.ticket_subcategories OWNER TO postgres;

--
-- TOC entry 246 (class 1259 OID 20437)
-- Name: ticket_subcategories_subcategory_id_seq; Type: SEQUENCE; Schema: public; Owner: postgres
--

CREATE SEQUENCE public.ticket_subcategories_subcategory_id_seq
    START WITH 1
    INCREMENT BY 1
    NO MINVALUE
    NO MAXVALUE
    CACHE 1;


ALTER SEQUENCE public.ticket_subcategories_subcategory_id_seq OWNER TO postgres;

--
-- TOC entry 5307 (class 0 OID 0)
-- Dependencies: 246
-- Name: ticket_subcategories_subcategory_id_seq; Type: SEQUENCE OWNED BY; Schema: public; Owner: postgres
--

ALTER SEQUENCE public.ticket_subcategories_subcategory_id_seq OWNED BY public.ticket_subcategories.subcategory_id;


--
-- TOC entry 253 (class 1259 OID 20661)
-- Name: ticket_tags; Type: TABLE; Schema: public; Owner: krish
--

CREATE TABLE public.ticket_tags (
    ticket_id bigint NOT NULL,
    tag_id bigint NOT NULL,
    created_at timestamp without time zone DEFAULT CURRENT_TIMESTAMP
);


ALTER TABLE public.ticket_tags OWNER TO krish;

--
-- TOC entry 247 (class 1259 OID 20438)
-- Name: ticket_time_entries; Type: TABLE; Schema: public; Owner: postgres
--

CREATE TABLE public.ticket_time_entries (
    entry_id bigint NOT NULL,
    ticket_id bigint NOT NULL,
    user_code character varying(50) NOT NULL,
    status_name character varying(100),
    time_spent_seconds integer DEFAULT 0 NOT NULL,
    started_at timestamp without time zone DEFAULT now() NOT NULL,
    ended_at timestamp without time zone,
    created_at timestamp without time zone DEFAULT now() NOT NULL
);


ALTER TABLE public.ticket_time_entries OWNER TO postgres;

--
-- TOC entry 248 (class 1259 OID 20450)
-- Name: ticket_time_entries_entry_id_seq; Type: SEQUENCE; Schema: public; Owner: postgres
--

CREATE SEQUENCE public.ticket_time_entries_entry_id_seq
    START WITH 1
    INCREMENT BY 1
    NO MINVALUE
    NO MAXVALUE
    CACHE 1;


ALTER SEQUENCE public.ticket_time_entries_entry_id_seq OWNER TO postgres;

--
-- TOC entry 5308 (class 0 OID 0)
-- Dependencies: 248
-- Name: ticket_time_entries_entry_id_seq; Type: SEQUENCE OWNED BY; Schema: public; Owner: postgres
--

ALTER SEQUENCE public.ticket_time_entries_entry_id_seq OWNED BY public.ticket_time_entries.entry_id;


--
-- TOC entry 249 (class 1259 OID 20451)
-- Name: tickets; Type: TABLE; Schema: public; Owner: postgres
--

CREATE TABLE public.tickets (
    ticket_id bigint NOT NULL,
    company_ticket_serial bigint,
    ticket_no character varying(30) GENERATED ALWAYS AS ((((company_code)::text || '-'::text) || ((100000 + company_ticket_serial))::text)) STORED,
    subject character varying(500) NOT NULL,
    description text,
    category_id bigint NOT NULL,
    priority_id bigint NOT NULL,
    status_id bigint NOT NULL,
    raised_by_user_code character varying(50) NOT NULL,
    assigned_to_user_code character varying(50),
    resolved_by_user_code character varying(50),
    due_date timestamp without time zone,
    resolution_date timestamp without time zone,
    is_recurring boolean DEFAULT false,
    update_timestamp timestamp without time zone DEFAULT CURRENT_TIMESTAMP,
    user_code character varying(50),
    subcategory_id bigint,
    department_id bigint,
    company_code character varying(50) NOT NULL,
    allocated_to_user_code character varying(1000),
    created_at timestamp without time zone DEFAULT CURRENT_TIMESTAMP NOT NULL
);


ALTER TABLE public.tickets OWNER TO postgres;

--
-- TOC entry 250 (class 1259 OID 20468)
-- Name: tickets_ticket_id_seq; Type: SEQUENCE; Schema: public; Owner: postgres
--

CREATE SEQUENCE public.tickets_ticket_id_seq
    START WITH 1
    INCREMENT BY 1
    NO MINVALUE
    NO MAXVALUE
    CACHE 1;


ALTER SEQUENCE public.tickets_ticket_id_seq OWNER TO postgres;

--
-- TOC entry 5309 (class 0 OID 0)
-- Dependencies: 250
-- Name: tickets_ticket_id_seq; Type: SEQUENCE OWNED BY; Schema: public; Owner: postgres
--

ALTER SEQUENCE public.tickets_ticket_id_seq OWNED BY public.tickets.ticket_id;


--
-- TOC entry 251 (class 1259 OID 20469)
-- Name: users; Type: TABLE; Schema: public; Owner: postgres
--

CREATE TABLE public.users (
    user_serial_no bigint NOT NULL,
    role_id bigint NOT NULL,
    user_code character varying(50) NOT NULL,
    first_name character varying(100) NOT NULL,
    last_name character varying(100),
    email character varying(255) NOT NULL,
    password_hash text NOT NULL,
    phone character varying(20),
    is_active boolean DEFAULT true,
    update_timestamp timestamp without time zone DEFAULT CURRENT_TIMESTAMP,
    department_id bigint,
    company_code character varying(50)
);


ALTER TABLE public.users OWNER TO postgres;

--
-- TOC entry 252 (class 1259 OID 20482)
-- Name: users_user_serial_no_seq; Type: SEQUENCE; Schema: public; Owner: postgres
--

CREATE SEQUENCE public.users_user_serial_no_seq
    START WITH 1
    INCREMENT BY 1
    NO MINVALUE
    NO MAXVALUE
    CACHE 1;


ALTER SEQUENCE public.users_user_serial_no_seq OWNER TO postgres;

--
-- TOC entry 5310 (class 0 OID 0)
-- Dependencies: 252
-- Name: users_user_serial_no_seq; Type: SEQUENCE OWNED BY; Schema: public; Owner: postgres
--

ALTER SEQUENCE public.users_user_serial_no_seq OWNED BY public.users.user_serial_no;


--
-- TOC entry 4950 (class 2604 OID 20483)
-- Name: companies company_id; Type: DEFAULT; Schema: public; Owner: postgres
--

ALTER TABLE ONLY public.companies ALTER COLUMN company_id SET DEFAULT nextval('public.companies_company_id_seq'::regclass);


--
-- TOC entry 4954 (class 2604 OID 20484)
-- Name: departments department_id; Type: DEFAULT; Schema: public; Owner: postgres
--

ALTER TABLE ONLY public.departments ALTER COLUMN department_id SET DEFAULT nextval('public.departments_department_id_seq'::regclass);


--
-- TOC entry 4957 (class 2604 OID 20485)
-- Name: email_configs id; Type: DEFAULT; Schema: public; Owner: krish
--

ALTER TABLE ONLY public.email_configs ALTER COLUMN id SET DEFAULT nextval('public.email_configs_id_seq'::regclass);


--
-- TOC entry 4966 (class 2604 OID 20486)
-- Name: roles role_id; Type: DEFAULT; Schema: public; Owner: postgres
--

ALTER TABLE ONLY public.roles ALTER COLUMN role_id SET DEFAULT nextval('public.roles_role_id_seq'::regclass);


--
-- TOC entry 4969 (class 2604 OID 20487)
-- Name: tags tag_id; Type: DEFAULT; Schema: public; Owner: postgres
--

ALTER TABLE ONLY public.tags ALTER COLUMN tag_id SET DEFAULT nextval('public.tags_tag_id_seq'::regclass);


--
-- TOC entry 4972 (class 2604 OID 20488)
-- Name: test_gen_table id; Type: DEFAULT; Schema: public; Owner: postgres
--

ALTER TABLE ONLY public.test_gen_table ALTER COLUMN id SET DEFAULT nextval('public.test_gen_table_id_seq'::regclass);


--
-- TOC entry 4974 (class 2604 OID 20489)
-- Name: ticket_attachments attachment_id; Type: DEFAULT; Schema: public; Owner: postgres
--

ALTER TABLE ONLY public.ticket_attachments ALTER COLUMN attachment_id SET DEFAULT nextval('public.ticket_attachments_attachment_id_seq'::regclass);


--
-- TOC entry 4976 (class 2604 OID 20490)
-- Name: ticket_categories category_id; Type: DEFAULT; Schema: public; Owner: postgres
--

ALTER TABLE ONLY public.ticket_categories ALTER COLUMN category_id SET DEFAULT nextval('public.ticket_categories_category_id_seq'::regclass);


--
-- TOC entry 4979 (class 2604 OID 20491)
-- Name: ticket_comments comment_id; Type: DEFAULT; Schema: public; Owner: postgres
--

ALTER TABLE ONLY public.ticket_comments ALTER COLUMN comment_id SET DEFAULT nextval('public.ticket_comments_comment_id_seq'::regclass);


--
-- TOC entry 5008 (class 2604 OID 20685)
-- Name: ticket_freeform_tags id; Type: DEFAULT; Schema: public; Owner: krish
--

ALTER TABLE ONLY public.ticket_freeform_tags ALTER COLUMN id SET DEFAULT nextval('public.ticket_freeform_tags_id_seq'::regclass);


--
-- TOC entry 4981 (class 2604 OID 20492)
-- Name: ticket_history history_id; Type: DEFAULT; Schema: public; Owner: postgres
--

ALTER TABLE ONLY public.ticket_history ALTER COLUMN history_id SET DEFAULT nextval('public.ticket_history_history_id_seq'::regclass);


--
-- TOC entry 4983 (class 2604 OID 20493)
-- Name: ticket_priorities priority_id; Type: DEFAULT; Schema: public; Owner: postgres
--

ALTER TABLE ONLY public.ticket_priorities ALTER COLUMN priority_id SET DEFAULT nextval('public.ticket_priorities_priority_id_seq'::regclass);


--
-- TOC entry 4986 (class 2604 OID 20494)
-- Name: ticket_statuses status_id; Type: DEFAULT; Schema: public; Owner: postgres
--

ALTER TABLE ONLY public.ticket_statuses ALTER COLUMN status_id SET DEFAULT nextval('public.ticket_statuses_status_id_seq'::regclass);


--
-- TOC entry 4992 (class 2604 OID 20495)
-- Name: ticket_subcategories subcategory_id; Type: DEFAULT; Schema: public; Owner: postgres
--

ALTER TABLE ONLY public.ticket_subcategories ALTER COLUMN subcategory_id SET DEFAULT nextval('public.ticket_subcategories_subcategory_id_seq'::regclass);


--
-- TOC entry 4995 (class 2604 OID 20496)
-- Name: ticket_time_entries entry_id; Type: DEFAULT; Schema: public; Owner: postgres
--

ALTER TABLE ONLY public.ticket_time_entries ALTER COLUMN entry_id SET DEFAULT nextval('public.ticket_time_entries_entry_id_seq'::regclass);


--
-- TOC entry 4999 (class 2604 OID 20497)
-- Name: tickets ticket_id; Type: DEFAULT; Schema: public; Owner: postgres
--

ALTER TABLE ONLY public.tickets ALTER COLUMN ticket_id SET DEFAULT nextval('public.tickets_ticket_id_seq'::regclass);


--
-- TOC entry 5004 (class 2604 OID 20498)
-- Name: users user_serial_no; Type: DEFAULT; Schema: public; Owner: postgres
--

ALTER TABLE ONLY public.users ALTER COLUMN user_serial_no SET DEFAULT nextval('public.users_user_serial_no_seq'::regclass);


--
-- TOC entry 5250 (class 0 OID 20289)
-- Dependencies: 219
-- Data for Name: comment_attachments; Type: TABLE DATA; Schema: public; Owner: postgres
--

COPY public.comment_attachments (attachment_id, comment_id, file_name, stored_name, mime_type, file_size, uploaded_at) FROM stdin;
1	8	Screenshot 2026-05-22 170332.png	1781967939303-2df4da7d-3213-4f25-97bf-1c78c7ca51c6.png	image/png	744441	2026-06-20 20:35:39.381214
2	9	Screenshot 2026-05-22 170722.png	1781968448374-ec2bcc2d-1dd8-458f-a89d-33ad60e4f1f9.png	image/png	22817	2026-06-20 20:44:08.423958
3	11	PROJECT_SPEC.md	1782104724226-71cb57ef-9e54-48ff-a07a-8c39948d5431.md	text/markdown	17588	2026-06-22 10:35:24.272289
4	20	screenshot-1782380626367.png	1782380638357-c8efc2e4-36c0-4810-8957-7d152c3f6792.png	image/png	454759	2026-06-25 15:13:58.368622
\.


--
-- TOC entry 5252 (class 0 OID 20300)
-- Dependencies: 221
-- Data for Name: companies; Type: TABLE DATA; Schema: public; Owner: postgres
--

COPY public.companies (company_id, company_name, company_code, email, phone, address, is_active, update_timestamp, is_deleted, logo_url, email_domain, favicon_url, helpdesk_title, title_link, smtp_host, smtp_port, smtp_user, smtp_pass, email_from_name, welcome_subject, welcome_template) FROM stdin;
4	Temp	TEMP	Temp@gmail.com	1234567890	asdfghjkl;qwertyuiopzxcvbnm	t	2026-06-22 14:35:10.350615	f	\N	temp.com	\N	\N	\N	\N	\N	\N	\N	\N	\N	\N
5	nandu	NANDU	n@gmail.com	741852963	asdfghjklzxcvbnm,wertyuio	t	2026-06-23 17:42:52.533527	f	\N	gmail.com	\N	\N	\N	\N	\N	\N	\N	\N	\N	\N
2	Alpha TND	ATNG	admin@alphatnd.com	+91-9000000002	Pune, India	t	2026-06-23 23:02:01.359964	f	/uploads/logos/1782235414368-0a618f7f-d7f9-4a9e-b64c-537c02e452d3.png	alphatnd.com	/uploads/logos/1782235921349-3c0e94c2-7381-4139-932f-b4a0663338e5.png	Alpha TND helps		\N	\N	\N	\N	\N	\N	\N
3	Satyam	SAT	satyam@gmail.com	91-741852963	Satyam pvt ltd.	t	2026-06-24 10:35:11.563376	f	\N	sat.com	\N	Satyam Finlease		\N	\N	\N	\N	\N	\N	\N
1	Quince Capital Modified	QC	admin@quincecapital.com	9999999001	Test Address	t	2026-06-24 18:34:53.616353	f	/uploads/logos/1782285536333-8d449ce7-d46c-4289-8fe9-b8d1944e7be2.jpg	quincecapital.com	/uploads/logos/1782285536334-3b95c885-74ef-4414-a6f9-040eb342fd2d.jpg	QuinceCapital ServiceDesk		smtp.mailtrap.io	2525	test-user-123	test-password-456	Test Support Desk	Welcome to Quince support desk!	Hello {{first_name}}, your temporary password is {{password}} and username is {{user_code}}.
\.


--
-- TOC entry 5254 (class 0 OID 20312)
-- Dependencies: 223
-- Data for Name: departments; Type: TABLE DATA; Schema: public; Owner: postgres
--

COPY public.departments (department_id, department_name, is_active, update_timestamp, company_code) FROM stdin;
1	Sales	t	2026-06-16 11:33:46.127791	QC
2	HR	t	2026-06-16 11:33:46.127791	QC
3	IT	t	2026-06-16 11:33:46.127791	QC
4	Finance	t	2026-06-16 11:33:46.127791	QC
5	Sales	t	2026-06-16 11:33:46.127791	ATNG
6	HR	t	2026-06-16 11:33:46.127791	ATNG
7	IT	t	2026-06-16 11:33:46.127791	ATNG
8	Finance	t	2026-06-16 11:33:46.127791	ATNG
9	IT	t	2026-06-22 15:05:22.576554	NANDU
10	HR	t	2026-06-22 15:05:22.576554	NANDU
11	Support	t	2026-06-22 15:05:22.576554	NANDU
12	Finance	t	2026-06-22 15:05:22.576554	NANDU
\.


--
-- TOC entry 5256 (class 0 OID 20321)
-- Dependencies: 225
-- Data for Name: email_configs; Type: TABLE DATA; Schema: public; Owner: krish
--

COPY public.email_configs (id, company_code, config_name, smtp_host, smtp_port, smtp_user, smtp_pass, email_from_name, welcome_subject, welcome_template, send_welcome_email, send_ticket_assignment_email, send_chat_reply_email, send_ticket_update_email, send_reply_email, is_active, created_timestamp, update_timestamp) FROM stdin;
1	TEMP	Default Config	\N	\N	\N	\N	\N	\N	\N	t	t	t	t	t	t	2026-06-24 18:38:41.990976	2026-06-24 18:38:41.990976
2	NANDU	Default Config	\N	\N	\N	\N	\N	\N	\N	t	t	t	t	t	t	2026-06-24 18:38:41.990976	2026-06-24 18:38:41.990976
3	ATNG	Default Config	\N	\N	\N	\N	\N	\N	\N	t	t	t	t	t	t	2026-06-24 18:38:41.990976	2026-06-24 18:38:41.990976
4	SAT	Default Config	\N	\N	\N	\N	\N	\N	\N	t	t	t	t	t	t	2026-06-24 18:38:41.990976	2026-06-24 18:38:41.990976
5	QC	Default Config	smtp.mailtrap.io	2525	test-user-123	test-password-456	Test Support Desk	Welcome to Quince support desk!	Hello {{first_name}}, your temporary password is {{password}} and username is {{user_code}}.	t	t	t	t	t	t	2026-06-24 18:38:41.990976	2026-06-24 18:38:41.990976
\.


--
-- TOC entry 5258 (class 0 OID 20338)
-- Dependencies: 227
-- Data for Name: roles; Type: TABLE DATA; Schema: public; Owner: postgres
--

COPY public.roles (role_id, role_name, description, is_active, update_timestamp) FROM stdin;
1	Admin	System Administrator	t	2026-06-16 11:33:39.714455
2	Manager	Department Manager	t	2026-06-16 11:33:39.714455
3	Employee	Standard Employee	t	2026-06-21 13:02:55.848048
4	Super Admin	Multi-company system administrator	t	2026-06-21 13:02:55.851486
\.


--
-- TOC entry 5260 (class 0 OID 20348)
-- Dependencies: 229
-- Data for Name: tags; Type: TABLE DATA; Schema: public; Owner: postgres
--

COPY public.tags (tag_id, tag_name, tag_color, is_active, update_timestamp, company_code) FROM stdin;
2	Customer	#0D6EFD	t	2026-06-16 11:36:48.158075	QC
3	Internal	#6F42C1	t	2026-06-16 11:36:48.158075	QC
4	Bug	#FD7E14	t	2026-06-16 11:36:48.158075	QC
5	Enhancement	#198754	t	2026-06-16 11:36:48.158075	QC
6	Finance	#20C997	t	2026-06-16 11:36:48.158075	QC
7	HR	#6610F2	t	2026-06-16 11:36:48.158075	QC
8	Sales	#FFC107	t	2026-06-16 11:36:48.158075	QC
9	Urgent	#DC3545	t	2026-06-21 11:00:00	ATNG
10	Customer	#0D6EFD	t	2026-06-21 11:00:00	ATNG
11	Internal	#6F42C1	t	2026-06-21 11:00:00	ATNG
12	Bug	#FD7E14	t	2026-06-21 11:00:00	ATNG
13	Enhancement	#198754	t	2026-06-21 11:00:00	ATNG
14	Finance	#20C997	t	2026-06-21 11:00:00	ATNG
15	HR	#6610F2	t	2026-06-21 11:00:00	ATNG
16	Sales	#FFC107	t	2026-06-21 11:00:00	ATNG
\.


--
-- TOC entry 5262 (class 0 OID 20357)
-- Dependencies: 231
-- Data for Name: test_gen_table; Type: TABLE DATA; Schema: public; Owner: postgres
--

COPY public.test_gen_table (id, company_code) FROM stdin;
1	QC
2	QC
\.


--
-- TOC entry 5264 (class 0 OID 20364)
-- Dependencies: 233
-- Data for Name: ticket_attachments; Type: TABLE DATA; Schema: public; Owner: postgres
--

COPY public.ticket_attachments (attachment_id, ticket_id, file_name, file_path, uploaded_by_user_code, uploaded_at) FROM stdin;
1	14	Screenshot 2026-05-22 161715.png	/uploads/tickets/1781969219760-a9412a71-a8be-411c-a1bc-48ba4e10a73e.png	QC_admin_rahul_patil	2026-06-20 20:56:59.871
2	15	Q.jpg	/uploads/tickets/1782104595722-1a6f937a-19c8-4121-9e79-685f4de97c7f.jpg	SAT_EMPLOYEE_KRISH	2026-06-22 10:33:15.76821
\.


--
-- TOC entry 5266 (class 0 OID 20373)
-- Dependencies: 235
-- Data for Name: ticket_categories; Type: TABLE DATA; Schema: public; Owner: postgres
--

COPY public.ticket_categories (category_id, category_name, category_description, is_active, update_timestamp, company_code) FROM stdin;
1	Sales	Sales related requests	t	2026-06-16 11:34:09.653324	QC
2	Technical	Technical support and bugs	t	2026-06-16 11:34:09.653324	QC
3	General Issues	General support requests	t	2026-06-16 11:34:09.653324	QC
4	temp	remp request	f	2026-06-20 18:03:27.194751	QC
11	temp	remp request	f	2026-06-21 13:40:40.334641	ATNG
12	temp	temp 1	t	2026-06-22 10:28:53.543086	SAT
13	temp2	temp 2	t	2026-06-22 10:29:05.478851	SAT
14	General	General support queries	t	2026-06-22 14:35:10.350615	TEMP
15	General	General support queries	t	2026-06-22 15:05:22.576554	NANDU
7	General Issues	General support requests	f	2026-06-25 12:16:17.209323	ATNG
10	General Issues	General support requests	f	2026-06-25 12:16:17.836815	ATNG
5	Sales	Sales related requests	f	2026-06-25 12:16:18.364746	ATNG
8	Sales	Sales related requests	f	2026-06-25 12:16:18.844096	ATNG
6	Technical	Technical support and bugs	f	2026-06-25 12:16:20.192685	ATNG
9	Technical	Technical support and bugs	f	2026-06-25 12:16:20.648738	ATNG
\.


--
-- TOC entry 5268 (class 0 OID 20384)
-- Dependencies: 237
-- Data for Name: ticket_comments; Type: TABLE DATA; Schema: public; Owner: postgres
--

COPY public.ticket_comments (comment_id, ticket_id, commented_by_user_code, comment_text, created_at) FROM stdin;
2	11	QC_admin_rahul_patil	<p>write comment heredfgh</p>	2026-06-18 15:49:02.085048
3	11	QC_admin_rahul_patil	<p>2nd 3rd comment</p>	2026-06-18 15:49:47.387839
4	11	QC_employee_neha_joshi	<p>reply replyscvbn dfghj</p>	2026-06-18 15:50:44.642879
5	11	QC_employee_neha_joshi	<p>conversation</p>	2026-06-18 15:54:48.406516
6	11	QC_admin_krish_bhojwani	<p>hi im krish</p>	2026-06-20 16:17:28.76391
7	11	QC_admin_krish_bhojwani	<p>pls check.</p>	2026-06-20 16:19:12.993154
8	10	QC_admin_krish_bhojwani		2026-06-20 20:35:39.381214
9	10	QC_admin_krish_bhojwani		2026-06-20 20:44:08.423958
10	15	SAT_EMPLOYEE_KRISH	<p>hI IM TECHNICIAN</p>	2026-06-22 10:34:01.581112
11	15	SAT_EMPLOYEE_temp	<p>Hi im temp im being assigned ticket.</p>	2026-06-22 10:35:24.272289
12	14	QC_admin_rahul_patil	<p>Hii</p><p></p>	2026-06-23 17:54:04.036257
13	14	QC_employee_sneha_iyer	<p>HI from sneha</p>	2026-06-23 18:12:44.3788
14	14	QC_admin_rahul_patil	<p>jkcdfvloyo.l</p>	2026-06-23 18:13:16.946359
15	16	QC_admin_rahul_patil	Assigned technician posting a reply.	2026-06-23 18:21:48.750678
16	16	QC_employee_sneha_iyer	Sneha commenting as the new assignee.	2026-06-23 18:21:48.835138
17	17	QC_admin_rahul_patil	Assigned technician posting a reply.	2026-06-23 18:30:11.15423
18	17	QC_employee_sneha_iyer	Sneha commenting as the new assignee.	2026-06-23 18:30:11.240507
19	25	QC_admin_rahul_patil	<p>hi</p>	2026-06-25 15:06:32.42129
20	25	QC_admin_rahul_patil		2026-06-25 15:13:58.368622
\.


--
-- TOC entry 5286 (class 0 OID 20682)
-- Dependencies: 255
-- Data for Name: ticket_freeform_tags; Type: TABLE DATA; Schema: public; Owner: krish
--

COPY public.ticket_freeform_tags (id, ticket_id, company_code, tag_message, user_code, created_at) FROM stdin;
1	25	QC	hey	QC_admin_rahul_patil	2026-06-25 15:06:40.683795
\.


--
-- TOC entry 5270 (class 0 OID 20395)
-- Dependencies: 239
-- Data for Name: ticket_history; Type: TABLE DATA; Schema: public; Owner: postgres
--

COPY public.ticket_history (history_id, ticket_id, field_changed, old_value, new_value, changed_by_user_code, changed_at) FROM stdin;
2	5	Created		Ticket Created	QC_employee_krish_bhojwani	2026-06-16 15:53:30.427804
3	6	Created		Ticket Created	QC_employee_krish_bhojwani	2026-06-16 16:11:07.760284
4	7	Created		Ticket Created	QC_employee_krish_bhojwani	2026-06-16 16:11:33.797776
5	8	Created		Ticket Created	QC_employee_krish_bhojwani	2026-06-16 16:12:28.789536
6	9	Created		Ticket Created	QC_employee_krish_bhojwani	2026-06-16 16:12:45.197581
7	10	Created		Ticket Created	QC_employee_krish_bhojwani	2026-06-16 16:13:09.295002
8	10	Status	1	3	QC_admin_krish_bhojwani	2026-06-17 11:29:16.48049
9	10	Takeover	QC_manager_amit_sharma	QC_admin_krish_bhojwani	QC_admin_krish_bhojwani	2026-06-17 11:29:21.737698
10	10	AssignedTo	QC_admin_krish_bhojwani	ATNG_admin_priya_shah	QC_admin_krish_bhojwani	2026-06-17 12:01:53.580556
11	10	Takeover	ATNG_admin_priya_shah	QC_admin_krish_bhojwani	QC_admin_krish_bhojwani	2026-06-17 12:02:17.26831
12	10	Priority	3	4	QC_admin_krish_bhojwani	2026-06-17 13:58:44.880846
13	10	AssignedTo	QC_admin_krish_bhojwani	QC_admin_rahul_patil	QC_admin_krish_bhojwani	2026-06-17 13:59:04.090521
14	10	AssignedTo	QC_admin_rahul_patil	QC_admin_krish_bhojwani	QC_admin_krish_bhojwani	2026-06-17 13:59:17.804223
15	10	Category	2	1	QC_admin_krish_bhojwani	2026-06-17 13:59:27.058433
16	10	DueDate		2026-07-02T14:00	QC_admin_krish_bhojwani	2026-06-17 14:00:06.722125
17	10	Category	1	2	QC_admin_krish_bhojwani	2026-06-17 15:07:17.47032
18	10	Subcategory	9	9	QC_admin_krish_bhojwani	2026-06-17 15:07:17.47032
19	8	Category	2	2	QC_admin_krish_bhojwani	2026-06-17 15:23:33.000275
20	8	Subcategory	8	9	QC_admin_krish_bhojwani	2026-06-17 15:23:33.000275
21	8	Category	2	2	QC_admin_krish_bhojwani	2026-06-17 15:24:24.477952
22	8	Subcategory	9	10	QC_admin_krish_bhojwani	2026-06-17 15:24:24.477952
23	8	Category	2	2	QC_admin_krish_bhojwani	2026-06-17 15:24:44.323243
24	8	Subcategory	10	9	QC_admin_krish_bhojwani	2026-06-17 15:24:44.323243
25	11	Created		Ticket Created	QC_admin_rahul_patil	2026-06-18 15:48:32.907114
26	11	Status	1	3	QC_admin_rahul_patil	2026-06-18 16:29:23.534996
27	11	Priority	4	3	QC_admin_rahul_patil	2026-06-18 16:43:46.574585
28	11	Category	1	2	QC_admin_rahul_patil	2026-06-18 16:44:13.73407
29	11	Subcategory	7	9	QC_admin_rahul_patil	2026-06-18 16:44:13.73407
30	11	DueDate		2026-06-19T16:52	QC_admin_rahul_patil	2026-06-18 16:52:10.235535
31	11	Takeover	QC_employee_neha_joshi	QC_admin_rahul_patil	QC_admin_rahul_patil	2026-06-18 16:52:43.932826
32	11	Priority	3	2	QC_admin_rahul_patil	2026-06-18 16:53:45.324608
33	5	Priority	2	3	QC_admin_rahul_patil	2026-06-18 17:47:28.027858
34	12	Created		Ticket Created	QC_admin_krish_bhojwani	2026-06-20 20:45:25.181052
35	12	AssignedTo	QC_employee_krish_bhojwani	QC_admin_krish_bhojwani	QC_admin_rahul_patil	2026-06-20 20:47:01.978267
36	12	AssignedTo	QC_admin_krish_bhojwani	QC_admin_rahul_patil	QC_admin_rahul_patil	2026-06-20 20:47:15.385188
37	13	Created		Ticket Created	QC_admin_rahul_patil	2026-06-20 20:50:35.573004
38	14	Created		Ticket Created	QC_admin_rahul_patil	2026-06-20 20:56:59.871
39	15	Created		Ticket Created	SAT_EMPLOYEE_KRISH	2026-06-22 10:33:15.76821
40	15	AssignedTo		SAT_EMPLOYEE_temp	SAT_EMPLOYEE_KRISH	2026-06-22 10:34:19.6716
41	14	AssignedTo	QC_employee_neha_joshi	QC_employee_sneha_iyer	QC_admin_rahul_patil	2026-06-23 17:11:21.020445
42	14	Allocations		QC_manager_anjali_verma|QC_employee_sneha_iyer|QC_manager_amit_sharma|QC_employee_rohit_kulkarni	QC_admin_rahul_patil	2026-06-23 17:11:29.034833
43	14	AssignedTo	QC_employee_sneha_iyer	QC_manager_anjali_verma	QC_employee_sneha_iyer	2026-06-23 17:54:54.085924
44	14	AssignedTo	QC_manager_anjali_verma	QC_employee_sneha_iyer	QC_admin_rahul_patil	2026-06-23 18:08:26.804064
45	16	Created		Ticket Created	QC_admin_rahul_patil	2026-06-23 18:21:48.681387
46	16	Takeover	QC_admin_rahul_patil	QC_employee_sneha_iyer	QC_employee_sneha_iyer	2026-06-23 18:21:48.825723
47	16	Allocations	QC_employee_sneha_iyer	QC_admin_rahul_patil	QC_employee_sneha_iyer	2026-06-23 18:21:48.825723
48	17	Created		Ticket Created	QC_admin_rahul_patil	2026-06-23 18:30:11.083972
49	17	Takeover	QC_admin_rahul_patil	QC_employee_sneha_iyer	QC_employee_sneha_iyer	2026-06-23 18:30:11.229968
50	17	Allocations	QC_employee_sneha_iyer	QC_admin_rahul_patil	QC_employee_sneha_iyer	2026-06-23 18:30:11.229968
51	14	Status	1	3	QC_admin_rahul_patil	2026-06-24 16:25:16.49574
52	18	Created		Ticket Created	QC_admin_rahul_patil	2026-06-25 10:32:45.10187
53	19	Created		Ticket Created	QC_admin_rahul_patil	2026-06-25 10:32:52.544238
54	20	Created		Ticket Created	QC_admin_rahul_patil	2026-06-25 10:50:56.757959
55	21	Created		Ticket Created	QC_admin_rahul_patil	2026-06-25 10:51:33.155929
56	22	Created		Ticket Created	QC_admin_rahul_patil	2026-06-25 12:04:26.156139
57	23	Created		Ticket Created	QC_admin_rahul_patil	2026-06-25 12:15:17.355523
58	24	Created		Ticket Created	ATNG_admin_priya_shah	2026-06-25 12:15:59.985964
59	24	AssignedTo		ATNG_admin_vikram_singh	ATNG_admin_priya_shah	2026-06-25 12:16:38.824508
60	24	Priority	11	5	ATNG_admin_priya_shah	2026-06-25 12:18:49.94948
61	25	Created		Ticket Created	QC_admin_rahul_patil	2026-06-25 12:27:02.736814
62	25	Tags		hello	QC_admin_rahul_patil	2026-06-25 14:24:19.237351
63	25	Tags	hello	hi	QC_admin_rahul_patil	2026-06-25 14:24:48.412195
64	25	Tags	hello	hi	QC_admin_rahul_patil	2026-06-25 14:24:48.4123
65	25	Tags	hi, hi		QC_admin_rahul_patil	2026-06-25 14:25:01.845452
66	25	Tags		hello	QC_admin_rahul_patil	2026-06-25 14:25:05.995977
67	25	Tags	hello	Urgent, hello	QC_admin_rahul_patil	2026-06-25 14:27:44.256167
68	25	Tags	Urgent, hello	Urgent, hello, no	QC_admin_rahul_patil	2026-06-25 14:27:48.041853
69	25	Tags	Urgent, hello, no		QC_admin_rahul_patil	2026-06-25 14:29:39.117656
70	25	AssignedTo	QC_manager_amit_sharma	QC_employee_sneha_iyer	QC_admin_rahul_patil	2026-06-25 15:58:42.376934
71	25	Allocations		QC_admin_rahul_patil|QC_employee_sneha_iyer|QC_employee_rohit_kulkarni|QC_manager_amit_sharma	QC_admin_rahul_patil	2026-06-25 15:58:53.162835
72	25	Allocations	QC_admin_rahul_patil|QC_employee_sneha_iyer|QC_employee_rohit_kulkarni|QC_manager_amit_sharma		QC_admin_rahul_patil	2026-06-25 16:04:15.511075
73	6	Allocations		QC_admin_rahul_patil	QC_admin_rahul_patil	2026-06-25 16:16:38.058677
74	6	AssignedTo	QC_employee_rohit_kulkarni	QC_admin_rahul_patil	QC_admin_rahul_patil	2026-06-25 16:16:49.772784
\.


--
-- TOC entry 5272 (class 0 OID 20404)
-- Dependencies: 241
-- Data for Name: ticket_priorities; Type: TABLE DATA; Schema: public; Owner: postgres
--

COPY public.ticket_priorities (priority_id, priority_name, priority_value, priority_color, is_active, update_timestamp, company_code) FROM stdin;
1	Low	1	#28A745	t	2026-06-16 11:33:52.085199	QC
2	Medium	2	#FFC107	t	2026-06-16 11:33:52.085199	QC
3	High	3	#FD7E14	t	2026-06-16 11:33:52.085199	QC
4	Critical	4	#DC3545	t	2026-06-16 11:33:52.085199	QC
5	Low	1	#28A745	t	2026-06-21 11:00:00	ATNG
6	Medium	2	#FFC107	t	2026-06-21 11:00:00	ATNG
7	High	3	#FD7E14	t	2026-06-21 11:00:00	ATNG
8	Critical	4	#DC3545	t	2026-06-21 11:00:00	ATNG
13	low	1	#687386	t	2026-06-22 10:31:29.019143	SAT
14	medium	1	#687386	t	2026-06-22 10:31:33.420259	SAT
15	high	1	#687386	t	2026-06-22 10:31:37.503208	SAT
16	Low	1	#4CAF50	t	2026-06-22 14:35:10.350615	TEMP
17	Medium	2	#FF9800	t	2026-06-22 14:35:10.350615	TEMP
18	High	3	#F44336	t	2026-06-22 14:35:10.350615	TEMP
19	Low	1	#4CAF50	t	2026-06-22 15:05:22.576554	NANDU
20	Medium	2	#FF9800	t	2026-06-22 15:05:22.576554	NANDU
21	High	3	#F44336	t	2026-06-22 15:05:22.576554	NANDU
9	Low	1	#28A745	f	2026-06-25 12:18:30.893147	ATNG
12	Critical	4	#DC3545	f	2026-06-25 12:18:33.093457	ATNG
11	High	3	#FD7E14	f	2026-06-25 12:18:34.22803	ATNG
10	Medium	2	#FFC107	f	2026-06-25 12:18:35.52818	ATNG
\.


--
-- TOC entry 5274 (class 0 OID 20414)
-- Dependencies: 243
-- Data for Name: ticket_statuses; Type: TABLE DATA; Schema: public; Owner: postgres
--

COPY public.ticket_statuses (status_id, status_name, status_color, display_order, is_default, is_closed_status, is_active, update_timestamp, company_code) FROM stdin;
2	In Progress	#FD7E14	2	f	f	t	2026-06-16 11:34:01.238333	QC
3	Closed	#28A745	3	f	t	t	2026-06-16 11:34:01.238333	QC
7	temp	#b12f2f	1	f	f	t	2026-06-19 16:42:42.54669	QC
1	New	#2196F3	1	t	f	f	2026-06-19 16:43:11.163828	QC
11	New	#2196F3	1	t	f	f	2026-06-21 13:40:40.334641	ATNG
12	new	#004fd6	1	t	f	t	2026-06-22 10:31:14.09147	SAT
13	in progress	#687386	1	f	f	t	2026-06-22 10:31:49.630785	SAT
14	closed	#687386	1	f	f	t	2026-06-22 10:31:53.939269	SAT
15	New	#2196F3	1	t	f	t	2026-06-22 14:35:10.350615	TEMP
16	In Progress	#FFC107	2	f	f	t	2026-06-22 14:35:10.350615	TEMP
17	Closed	#4CAF50	3	f	t	t	2026-06-22 14:35:10.350615	TEMP
18	New	#2196F3	1	t	f	t	2026-06-22 15:05:22.576554	NANDU
19	In Progress	#FFC107	2	f	f	t	2026-06-22 15:05:22.576554	NANDU
20	Closed	#4CAF50	3	f	t	t	2026-06-22 15:05:22.576554	NANDU
8	In Progress	#FD7E14	2	f	f	f	2026-06-25 12:18:01.556634	ATNG
9	Closed	#28A745	3	f	t	f	2026-06-25 12:18:02.019938	ATNG
10	temp	#b12f2f	1	f	f	f	2026-06-25 12:18:02.612178	ATNG
21	New	#687386	1	t	f	t	2026-06-25 12:18:08.582142	ATNG
22	In Progress	#687386	1	f	f	t	2026-06-25 12:18:14.459992	ATNG
23	Close	#687386	1	f	t	t	2026-06-25 12:18:21.795573	ATNG
\.


--
-- TOC entry 5276 (class 0 OID 20426)
-- Dependencies: 245
-- Data for Name: ticket_subcategories; Type: TABLE DATA; Schema: public; Owner: postgres
--

COPY public.ticket_subcategories (subcategory_id, category_id, subcategory_name, subcategory_description, assigned_user_code, is_active, update_timestamp, company_code) FROM stdin;
7	1	Payment Issues	Sales payment issues	QC_manager_pooja_deshmukh	t	2026-06-16 11:37:40.116327+05:30	QC
8	2	Bug Reports	Application bugs	QC_manager_amit_sharma	t	2026-06-16 11:37:40.116327+05:30	QC
9	2	Feature Requests	Feature requests	QC_manager_amit_sharma	t	2026-06-16 11:37:40.116327+05:30	QC
10	2	Jarvis Bugs	Jarvis platform bugs	QC_manager_amit_sharma	f	2026-06-20 18:03:30.912443+05:30	QC
11	2	jarvis bugs	jarvis related bugs	QC_admin_krish_bhojwani	t	2026-06-20 18:20:45.213244+05:30	QC
12	8	General Sales	General sales enquiries	\N	t	2026-06-21 13:40:40.334641+05:30	ATNG
13	8	Payment Issues	Sales payment issues	\N	t	2026-06-21 13:40:40.334641+05:30	ATNG
14	9	Bug Reports	Application bugs	\N	t	2026-06-21 13:40:40.334641+05:30	ATNG
15	9	Feature Requests	Feature requests	\N	t	2026-06-21 13:40:40.334641+05:30	ATNG
16	9	Jarvis Bugs	Jarvis platform bugs	\N	f	2026-06-21 13:40:40.334641+05:30	ATNG
17	9	jarvis bugs	jarvis related bugs	\N	t	2026-06-21 13:40:40.334641+05:30	ATNG
18	12	temp 1 1	temp1 child 1	SAT_ADMIN_NANDU	t	2026-06-22 10:29:37.828598+05:30	SAT
19	13	asdfgjkl	asdfghjkl	SAT_EMPLOYEE_temp	t	2026-06-22 10:30:50.114396+05:30	SAT
6	1	General Sales	General sales enquiries	QC_admin_rahul_patil|QC_employee_sneha_iyer	t	2026-06-16 11:37:40.116327+05:30	QC
\.


--
-- TOC entry 5284 (class 0 OID 20661)
-- Dependencies: 253
-- Data for Name: ticket_tags; Type: TABLE DATA; Schema: public; Owner: krish
--

COPY public.ticket_tags (ticket_id, tag_id, created_at) FROM stdin;
\.


--
-- TOC entry 5278 (class 0 OID 20438)
-- Dependencies: 247
-- Data for Name: ticket_time_entries; Type: TABLE DATA; Schema: public; Owner: postgres
--

COPY public.ticket_time_entries (entry_id, ticket_id, user_code, status_name, time_spent_seconds, started_at, ended_at, created_at) FROM stdin;
1	17	QC_admin_rahul_patil	New	2	2026-06-24 11:43:02.936948	2026-06-24 11:43:05.560048	2026-06-24 11:43:02.936948
2	17	QC_admin_rahul_patil	New	49	2026-06-24 11:43:09.796833	2026-06-24 11:44:00.161421	2026-06-24 11:43:09.796833
3	17	QC_admin_rahul_patil	New	13	2026-06-24 11:44:00.279788	2026-06-24 11:44:13.552833	2026-06-24 11:44:00.279788
4	17	QC_admin_rahul_patil	New	13	2026-06-24 11:44:13.742059	2026-06-24 11:44:26.930415	2026-06-24 11:44:13.742059
5	17	QC_admin_rahul_patil	New	0	2026-06-24 11:44:35.17229	\N	2026-06-24 11:44:35.17229
6	17	QC_employee_sneha_iyer	New	11	2026-06-24 11:45:06.987772	2026-06-24 11:45:18.930145	2026-06-24 11:45:06.987772
7	17	QC_employee_sneha_iyer	New	3	2026-06-24 11:46:32.805469	2026-06-24 11:46:36.854197	2026-06-24 11:46:32.805469
8	14	QC_admin_rahul_patil	New	14	2026-06-24 12:47:59.828125	2026-06-24 12:48:14.925275	2026-06-24 12:47:59.828125
9	8	QC_admin_rahul_patil	New	32	2026-06-24 12:59:04.985274	2026-06-24 12:59:37.764821	2026-06-24 12:59:04.985274
10	8	QC_admin_rahul_patil	New	7	2026-06-24 12:59:56.632779	2026-06-24 13:00:04.205272	2026-06-24 12:59:56.632779
11	8	QC_admin_rahul_patil	New	0	2026-06-24 13:00:11.259316	\N	2026-06-24 13:00:11.259316
12	8	QC_admin_rahul_patil	New	29	2026-06-24 13:00:31.937124	2026-06-24 13:01:01.43459	2026-06-24 13:00:31.937124
13	17	QC_admin_rahul_patil	New	0	2026-06-24 13:01:53.979042	\N	2026-06-24 13:01:53.979042
14	17	QC_admin_rahul_patil	New	0	2026-06-24 13:08:27.235556	\N	2026-06-24 13:08:27.235556
15	17	QC_admin_rahul_patil	New	193	2026-06-24 13:18:46.853678	2026-06-24 13:22:06.824025	2026-06-24 13:18:46.853678
16	17	QC_admin_rahul_patil	New	4	2026-06-24 13:22:07.589135	2026-06-24 13:22:12.952981	2026-06-24 13:22:07.589135
17	17	QC_admin_rahul_patil	New	5	2026-06-24 13:23:27.76847	2026-06-24 13:23:33.327602	2026-06-24 13:23:27.76847
18	17	QC_admin_rahul_patil	New	5	2026-06-24 13:23:37.673013	2026-06-24 13:23:43.035177	2026-06-24 13:23:37.673013
19	13	QC_admin_rahul_patil	New	48	2026-06-24 14:55:59.99017	2026-06-24 14:56:49.014528	2026-06-24 14:55:59.99017
20	8	QC_admin_rahul_patil	New	1	2026-06-24 15:43:43.462859	2026-06-24 15:43:45.414082	2026-06-24 15:43:43.462859
21	17	QC_admin_rahul_patil	New	4	2026-06-24 16:06:06.302233	2026-06-24 16:06:10.423458	2026-06-24 16:06:06.302233
22	13	QC_admin_rahul_patil	New	2	2026-06-24 16:24:26.837012	2026-06-24 16:24:29.009539	2026-06-24 16:24:26.837012
23	14	QC_admin_rahul_patil	New	8	2026-06-24 16:25:09.480063	2026-06-24 16:25:18.460682	2026-06-24 16:25:09.480063
24	13	QC_admin_rahul_patil	New	2	2026-06-24 16:50:39.234142	2026-06-24 16:50:41.957	2026-06-24 16:50:39.234142
25	14	QC_admin_rahul_patil	Closed	2	2026-06-24 18:15:43.272149	2026-06-24 18:15:45.669244	2026-06-24 18:15:43.272149
26	17	QC_admin_rahul_patil	New	1	2026-06-25 10:33:35.454132	2026-06-25 10:33:36.682602	2026-06-25 10:33:35.454132
27	20	QC_admin_rahul_patil	New	6	2026-06-25 10:51:04.706315	2026-06-25 10:51:11.417192	2026-06-25 10:51:04.706315
28	21	QC_admin_rahul_patil	New	74	2026-06-25 10:52:43.610258	2026-06-25 10:53:58.388235	2026-06-25 10:52:43.610258
29	21	QC_admin_rahul_patil	New	122	2026-06-25 10:57:22.256807	2026-06-25 11:06:31.702848	2026-06-25 10:57:22.256807
30	14	QC_admin_rahul_patil	Closed	1	2026-06-25 11:21:53.280037	2026-06-25 11:21:55.268434	2026-06-25 11:21:53.280037
31	25	QC_admin_rahul_patil	New	6	2026-06-25 12:32:25.190002	2026-06-25 12:32:31.926604	2026-06-25 12:32:25.190002
32	25	QC_admin_rahul_patil	New	287	2026-06-25 12:40:29.024201	2026-06-25 12:49:43.846571	2026-06-25 12:40:29.024201
33	25	QC_admin_rahul_patil	New	3	2026-06-25 12:49:43.855319	2026-06-25 12:49:48.726761	2026-06-25 12:49:43.855319
34	25	QC_admin_rahul_patil	New	6	2026-06-25 12:49:48.842186	2026-06-25 12:49:55.751645	2026-06-25 12:49:48.842186
35	25	QC_admin_rahul_patil	New	4	2026-06-25 12:49:55.76015	2026-06-25 12:50:01.751125	2026-06-25 12:49:55.76015
36	25	QC_admin_rahul_patil	New	0	2026-06-25 12:50:01.758448	\N	2026-06-25 12:50:01.758448
37	25	QC_admin_rahul_patil	New	5	2026-06-25 14:24:01.086003	2026-06-25 14:24:06.953737	2026-06-25 14:24:01.086003
38	25	QC_admin_rahul_patil	New	44	2026-06-25 14:24:09.880999	2026-06-25 14:24:54.162541	2026-06-25 14:24:09.880999
39	25	QC_admin_rahul_patil	New	14	2026-06-25 14:24:56.999992	2026-06-25 14:25:11.846638	2026-06-25 14:24:56.999992
40	25	QC_admin_rahul_patil	New	0	2026-06-25 14:25:14.689385	\N	2026-06-25 14:25:14.689385
41	25	QC_admin_rahul_patil	New	121	2026-06-25 14:27:07.874115	2026-06-25 14:29:09.17926	2026-06-25 14:27:07.874115
42	25	QC_admin_rahul_patil	New	195	2026-06-25 14:29:35.040726	2026-06-25 14:33:27.160124	2026-06-25 14:29:35.040726
43	25	QC_admin_rahul_patil	New	774	2026-06-25 14:33:45.415171	2026-06-25 14:57:43.463243	2026-06-25 14:33:45.415171
44	25	QC_admin_rahul_patil	New	11	2026-06-25 14:57:43.479012	2026-06-25 14:57:55.262866	2026-06-25 14:57:43.479012
45	25	QC_admin_rahul_patil	New	176	2026-06-25 14:57:55.373818	2026-06-25 15:00:52.892581	2026-06-25 14:57:55.373818
46	25	QC_admin_rahul_patil	New	53	2026-06-25 15:00:52.960322	2026-06-25 15:02:27.903546	2026-06-25 15:00:52.960322
47	25	QC_admin_rahul_patil	New	6	2026-06-25 15:02:27.983147	2026-06-25 15:03:11.864275	2026-06-25 15:02:27.983147
48	25	QC_admin_rahul_patil	New	21	2026-06-25 15:03:11.880938	2026-06-25 15:03:33.763127	2026-06-25 15:03:11.880938
49	25	QC_admin_rahul_patil	New	32	2026-06-25 15:06:11.710119	2026-06-25 15:06:44.143908	2026-06-25 15:06:11.710119
50	25	QC_admin_rahul_patil	New	29	2026-06-25 15:06:53.977892	2026-06-25 15:07:23.610393	2026-06-25 15:06:53.977892
51	25	QC_admin_rahul_patil	New	7	2026-06-25 15:07:23.639911	2026-06-25 15:07:30.943631	2026-06-25 15:07:23.639911
52	25	QC_admin_rahul_patil	New	9	2026-06-25 15:07:33.713742	2026-06-25 15:07:43.203153	2026-06-25 15:07:33.713742
53	25	QC_admin_rahul_patil	New	87	2026-06-25 15:07:46.070634	2026-06-25 15:09:15.264404	2026-06-25 15:07:46.070634
54	25	QC_admin_rahul_patil	New	0	2026-06-25 15:09:15.437154	\N	2026-06-25 15:09:15.437154
55	25	QC_admin_rahul_patil	New	138	2026-06-25 15:09:58.970745	2026-06-25 15:12:18.888854	2026-06-25 15:09:58.970745
56	25	QC_admin_rahul_patil	New	3	2026-06-25 15:13:02.022621	2026-06-25 15:13:05.919179	2026-06-25 15:13:02.022621
57	25	QC_admin_rahul_patil	New	15	2026-06-25 15:13:08.72554	2026-06-25 15:13:24.475923	2026-06-25 15:13:08.72554
58	25	QC_admin_rahul_patil	New	9	2026-06-25 15:16:49.420894	2026-06-25 15:16:59.340429	2026-06-25 15:16:49.420894
59	25	QC_admin_rahul_patil	New	16	2026-06-25 15:16:59.959344	2026-06-25 15:17:16.504338	2026-06-25 15:16:59.959344
60	25	QC_admin_rahul_patil	New	0	2026-06-25 15:17:17.141997	2026-06-25 15:17:17.963112	2026-06-25 15:17:17.141997
61	25	QC_admin_rahul_patil	New	0	2026-06-25 15:17:18.499948	\N	2026-06-25 15:17:18.499948
62	12	QC_admin_rahul_patil	New	78	2026-06-25 15:33:59.525855	2026-06-25 15:37:43.439419	2026-06-25 15:33:59.525855
63	12	QC_admin_rahul_patil	New	46	2026-06-25 15:37:43.479418	2026-06-25 15:39:37.976717	2026-06-25 15:37:43.479418
64	25	QC_admin_rahul_patil	New	3	2026-06-25 15:40:16.166865	2026-06-25 15:40:19.301516	2026-06-25 15:40:16.166865
65	23	QC_admin_rahul_patil	In Progress	19	2026-06-25 15:40:20.428858	2026-06-25 15:40:39.962176	2026-06-25 15:40:20.428858
66	23	QC_admin_rahul_patil	In Progress	48	2026-06-25 15:40:46.338227	2026-06-25 15:41:34.950668	2026-06-25 15:40:46.338227
67	23	QC_admin_rahul_patil	In Progress	76	2026-06-25 15:41:38.34275	2026-06-25 15:42:55.500996	2026-06-25 15:41:38.34275
68	23	QC_admin_rahul_patil	In Progress	8	2026-06-25 15:42:55.532815	2026-06-25 15:43:12.405176	2026-06-25 15:42:55.532815
69	23	QC_admin_rahul_patil	In Progress	11	2026-06-25 15:43:12.451423	2026-06-25 15:43:24.41415	2026-06-25 15:43:12.451423
70	23	QC_admin_rahul_patil	In Progress	0	2026-06-25 15:43:24.434025	2026-06-25 15:43:24.464794	2026-06-25 15:43:24.434025
71	23	QC_admin_rahul_patil	In Progress	2	2026-06-25 15:44:16.699847	2026-06-25 15:44:19.023806	2026-06-25 15:44:16.699847
72	25	QC_admin_rahul_patil	New	2	2026-06-25 15:44:23.696483	2026-06-25 15:44:26.18849	2026-06-25 15:44:23.696483
73	23	QC_admin_rahul_patil	In Progress	1	2026-06-25 15:44:27.385167	2026-06-25 15:44:29.168654	2026-06-25 15:44:27.385167
74	21	QC_admin_rahul_patil	New	1	2026-06-25 15:44:31.05056	2026-06-25 15:44:32.264818	2026-06-25 15:44:31.05056
75	25	QC_admin_rahul_patil	New	20	2026-06-25 15:51:33.362195	2026-06-25 15:51:53.919708	2026-06-25 15:51:33.362195
76	12	QC_admin_rahul_patil	New	11	2026-06-25 15:51:54.549687	2026-06-25 15:52:06.154845	2026-06-25 15:51:54.549687
77	25	QC_admin_rahul_patil	New	11	2026-06-25 15:52:06.542416	2026-06-25 15:52:18.6258	2026-06-25 15:52:06.542416
78	25	QC_admin_rahul_patil	New	5	2026-06-25 15:53:46.60648	2026-06-25 15:53:52.354801	2026-06-25 15:53:46.60648
79	19	QC_employee_sneha_iyer	New	1	2026-06-25 15:55:07.780429	2026-06-25 15:55:09.769782	2026-06-25 15:55:07.780429
80	19	QC_employee_sneha_iyer	New	44	2026-06-25 15:55:12.56919	2026-06-25 15:55:57.221685	2026-06-25 15:55:12.56919
81	19	QC_employee_sneha_iyer	New	5	2026-06-25 15:56:02.170123	2026-06-25 15:56:07.464658	2026-06-25 15:56:02.170123
82	19	QC_employee_sneha_iyer	New	6	2026-06-25 15:56:35.57659	2026-06-25 15:56:41.74045	2026-06-25 15:56:35.57659
83	25	QC_admin_rahul_patil	New	433	2026-06-25 15:58:23.911516	2026-06-25 16:05:37.601454	2026-06-25 15:58:23.911516
84	6	QC_admin_rahul_patil	New	79	2026-06-25 16:05:38.098618	2026-06-25 16:08:26.296328	2026-06-25 16:05:38.098618
85	6	QC_admin_rahul_patil	New	7	2026-06-25 16:08:26.308683	2026-06-25 16:09:36.282695	2026-06-25 16:08:26.308683
86	6	QC_admin_rahul_patil	New	8	2026-06-25 16:09:36.407793	2026-06-25 16:12:37.292055	2026-06-25 16:09:36.407793
87	6	QC_admin_rahul_patil	New	11	2026-06-25 16:12:37.304074	2026-06-25 16:16:30.307772	2026-06-25 16:12:37.304074
88	6	QC_admin_rahul_patil	New	0	2026-06-25 16:16:30.835746	\N	2026-06-25 16:16:30.835746
\.


--
-- TOC entry 5280 (class 0 OID 20451)
-- Dependencies: 249
-- Data for Name: tickets; Type: TABLE DATA; Schema: public; Owner: postgres
--

COPY public.tickets (ticket_id, company_ticket_serial, subject, description, category_id, priority_id, status_id, raised_by_user_code, assigned_to_user_code, resolved_by_user_code, due_date, resolution_date, is_recurring, update_timestamp, user_code, subcategory_id, department_id, company_code, allocated_to_user_code, created_at) FROM stdin;
5	1	Hello from krish	<p>Testing by krish.</p>	1	3	1	QC_employee_krish_bhojwani	QC_admin_rahul_patil	\N	\N	\N	f	2026-06-18 17:47:28.027858	\N	6	1	QC	\N	2026-06-18 17:47:28.027858
7	3	?>mnbvfsx	<p>;/ljhmgbf</p>	1	3	1	QC_employee_krish_bhojwani	QC_manager_pooja_deshmukh	\N	\N	\N	f	2026-06-16 16:11:33.797776	\N	7	1	QC	\N	2026-06-16 16:11:33.797776
8	4	.l/ic.d7od7co/	<p>ct,kutcu7o6c</p>	2	3	1	QC_employee_krish_bhojwani	QC_manager_amit_sharma	\N	\N	\N	f	2026-06-17 15:24:44.323243	\N	9	1	QC	\N	2026-06-17 15:24:44.323243
9	5	jgh c.	<p>hvyhyli,yob</p>	2	1	1	QC_employee_krish_bhojwani	QC_manager_amit_sharma	\N	\N	\N	f	2026-06-16 16:12:45.197581	\N	8	1	QC	\N	2026-06-16 16:12:45.197581
10	6	,vu6f,6o6xcoxs6	<p>mvtliuv,.l</p>	2	4	3	QC_employee_krish_bhojwani	QC_admin_krish_bhojwani	\N	2026-07-02 14:00:00	\N	f	2026-06-17 15:07:17.47032	\N	9	1	QC	\N	2026-06-17 15:07:17.47032
11	7	Urgent ticket	<p>ticket with info</p>	2	2	3	QC_admin_rahul_patil	QC_admin_rahul_patil	\N	2026-06-19 16:52:00	\N	f	2026-06-18 16:53:45.324608	\N	9	1	QC	\N	2026-06-18 16:53:45.324608
12	8	fghjkl.	<p>trdjch m</p>	1	1	1	QC_admin_krish_bhojwani	QC_admin_rahul_patil	\N	\N	\N	f	2026-06-20 20:47:15.385188	\N	6	3	QC	\N	2026-06-20 20:47:15.385188
13	9	mbkjvkjhcvjh	<p>mjbjkugu</p>	3	3	1	QC_admin_rahul_patil	\N	\N	\N	\N	f	2026-06-20 20:50:35.573004	\N	\N	1	QC	\N	2026-06-20 20:50:35.573004
14	10	m k j  jkn 	<p>m nikonjn</p>	1	3	3	QC_admin_rahul_patil	QC_employee_sneha_iyer	\N	\N	\N	f	2026-06-24 16:25:16.49574	\N	7	1	QC	QC_manager_anjali_verma|QC_employee_sneha_iyer|QC_manager_amit_sharma|QC_employee_rohit_kulkarni	2026-06-24 16:25:16.49574
16	11	Auto Routing Test Ticket	Testing if ticket is assigned to one of the routing assignees and allocated to all.	1	2	1	QC_admin_rahul_patil	QC_employee_sneha_iyer	\N	\N	\N	f	2026-06-23 18:21:48.825723	\N	6	1	QC	QC_admin_rahul_patil	2026-06-23 18:21:48.825723
17	12	Auto Routing Test Ticket	Testing if ticket is assigned to one of the routing assignees and allocated to all.	1	2	1	QC_admin_rahul_patil	QC_employee_sneha_iyer	\N	\N	\N	f	2026-06-23 18:30:11.229968	\N	6	1	QC	QC_admin_rahul_patil	2026-06-23 18:30:11.229968
18	13	Test created_at ticket 1782363765082	This is a test ticket to verify created_at column storage.	1	1	1	QC_admin_rahul_patil	QC_employee_sneha_iyer	\N	2026-06-26 05:02:45.082	\N	f	2026-06-25 10:32:45.10187	\N	\N	1	QC	\N	2026-06-25 10:32:45.10187
19	14	Test created_at ticket 1782363772528	This is a test ticket to verify created_at column storage.	1	1	1	QC_admin_rahul_patil	QC_employee_sneha_iyer	\N	2026-06-26 05:02:52.528	\N	f	2026-06-25 10:32:52.544238	\N	\N	1	QC	\N	2026-06-25 10:32:52.544238
20	15	ftijftdr	<p><span style="color: rgb(63, 63, 70);">First things first. You need to connect the email address where your customers send their questions to Jitbit.</span><br><br><span style="color: rgb(63, 63, 70);">The easiest way to do that is to set up email forwarding (</span><a target="_blank" rel="noopener noreferrer nofollow" href="https://www.jitbit.com/docs/adminemail/#setting-up-email-forwarding">see how</a><span style="color: rgb(63, 63, 70);">) to </span><a target="_blank" rel="noopener noreferrer nofollow" href="mailto:support@quincecapital.jitbit.com"><strong>support@quincecapital.jitbit.com</strong></a><span style="color: rgb(63, 63, 70);">. This is a built-in mailbox we created for you. After you're done, every email sent to your support address will instantly create a new ticket in Jitbit Helpdesk or added as a reply to an existing ticket.</span><br><br><span style="color: rgb(63, 63, 70);">You can try it yourself: send an email to your support address or to </span><a target="_blank" rel="noopener noreferrer nofollow" href="mailto:support@quincecapital.jitbit.com"><strong>support@quincecapital.jitbit.com</strong></a><span style="color: rgb(63, 63, 70);"> and go back to the main ticket list. Your new ticket should be there at the top.</span><br><br><span style="color: rgb(63, 63, 70);">If you want to connect your IMAP, Microsoft 365 or Gmail mailboxes directly to Jitbit you can do so on </span><a target="_blank" rel="noopener noreferrer nofollow" href="https://quincecapital.jitbit.com/Admin/EmailServers">Email Settings</a><span style="color: rgb(63, 63, 70);"> page.</span><br><br><em>P.S. This ticket is just a part of our welcome-process to get you familiar with the app. Simply close or delete it after reading.</em></p>	1	2	1	QC_admin_rahul_patil	QC_manager_anjali_verma	\N	2026-06-10 00:00:00	\N	f	2026-06-25 10:50:56.757959	\N	6	1	QC	\N	2026-06-25 10:50:56.757959
21	16	ASDCAEGFVDEWTGWSGT4	<p><span style="color: rgb(63, 63, 70);">First things first. You need to connect the email address where your customers send their questions to Jitbit.</span><br><br><span style="color: rgb(63, 63, 70);">The easiest way to do that is to set up email forwarding (</span><a target="_blank" rel="noopener noreferrer nofollow" href="https://www.jitbit.com/docs/adminemail/#setting-up-email-forwarding">see how</a><span style="color: rgb(63, 63, 70);">) to </span><a target="_blank" rel="noopener noreferrer nofollow" href="mailto:support@quincecapital.jitbit.com"><strong>support@quincecapital.jitbit.com</strong></a><span style="color: rgb(63, 63, 70);">. This is a built-in mailbox we created for you. After you're done, every email sent to your support address will instantly create a new ticket in Jitbit Helpdesk or added as a reply to an existing ticket.</span><br><br><span style="color: rgb(63, 63, 70);">You can try it yourself: send an email to your support address or to </span><a target="_blank" rel="noopener noreferrer nofollow" href="mailto:support@quincecapital.jitbit.com"><strong>support@quincecapital.jitbit.com</strong></a><span style="color: rgb(63, 63, 70);"> and go back to the main ticket list. Your new ticket should be there at the top.</span><br><br><span style="color: rgb(63, 63, 70);">If you want to connect your IMAP, Microsoft 365 or Gmail mailboxes directly to Jitbit you can do so on </span><a target="_blank" rel="noopener noreferrer nofollow" href="https://quincecapital.jitbit.com/Admin/EmailServers">Email Settings</a><span style="color: rgb(63, 63, 70);"> page.</span><br><br><em>P.S. This ticket is just a part of our welcome-process to get you familiar with the app. Simply close or delete it after reading.</em></p>	1	3	1	QC_admin_rahul_patil	QC_manager_pooja_deshmukh	\N	\N	\N	f	2026-06-25 10:51:33.155929	\N	7	1	QC	\N	2026-06-25 10:51:33.155929
22	17	Automated Ticket Creation Test	Testing if the database generated ticket_no works properly.	1	1	2	QC_admin_rahul_patil	\N	\N	\N	\N	f	2026-06-25 12:04:26.156139	\N	\N	1	QC	\N	2026-06-25 12:04:26.156139
15	1	ASDFGHJKL;	<p>ASDFGHJKL;</p>	13	14	12	SAT_EMPLOYEE_KRISH	SAT_EMPLOYEE_temp	\N	2026-06-24 00:00:00	\N	f	2026-06-22 10:34:19.6716	\N	19	\N	SAT	\N	2026-06-22 10:34:19.6716
23	18	Automated Ticket Creation Test	Testing if the database generated ticket_no works properly.	1	1	2	QC_admin_rahul_patil	\N	\N	\N	\N	f	2026-06-25 12:15:17.355523	\N	\N	1	QC	\N	2026-06-25 12:15:17.355523
24	1	sXDNLONcliwo	<p><span>CREATE TABLE [dbo].[tbl_LeadData](<br><br>  [SerialNo] [int] IDENTITY(1,1) NOT NULL,<br><br>  [LeadNo]&nbsp; AS ('Q-'+right('00000000'+CONVERT([varchar](8),[SerialNo]),(8))) PERSISTED,</span></p><p><span>&nbsp;</span></p>	6	5	11	ATNG_admin_priya_shah	ATNG_admin_vikram_singh	\N	\N	\N	f	2026-06-25 12:18:49.94948	\N	\N	6	ATNG	\N	2026-06-25 12:15:59.985964
25	19	www.google.com	<p>dw</p>	2	1	1	QC_admin_rahul_patil	QC_employee_sneha_iyer	\N	\N	\N	f	2026-06-25 16:04:15.511075	\N	8	1	QC		2026-06-25 12:27:02.736814
6	2	kjyffiyo	<p>k,cty,uyo,y</p>	2	2	1	QC_employee_krish_bhojwani	QC_admin_rahul_patil	\N	\N	\N	f	2026-06-25 16:16:49.772784	\N	9	1	QC	QC_admin_rahul_patil	2026-06-16 16:11:07.760284
\.


--
-- TOC entry 5282 (class 0 OID 20469)
-- Dependencies: 251
-- Data for Name: users; Type: TABLE DATA; Schema: public; Owner: postgres
--

COPY public.users (user_serial_no, role_id, user_code, first_name, last_name, email, password_hash, phone, is_active, update_timestamp, department_id, company_code) FROM stdin;
2	1	QC_admin_rahul_patil	Rahul	Patil	sales1@quincecapital.com	$2b$10$jMCMc5N4OsxWW/a7WJzKDOkknW8uq1MAoe9hACVURx31f..t2jsJK	9999999002	t	2026-06-21 13:02:55.853525	1	QC
3	1	ATNG_admin_priya_shah	Priya	Shah	sales2@quincecapital.com	$2b$10$jMCMc5N4OsxWW/a7WJzKDOkknW8uq1MAoe9hACVURx31f..t2jsJK	9999999003	t	2026-06-21 13:02:55.853525	6	ATNG
4	2	QC_manager_anjali_verma	Anjali	Verma	hr1@quincecapital.com	$2b$10$jMCMc5N4OsxWW/a7WJzKDOkknW8uq1MAoe9hACVURx31f..t2jsJK	9999999004	t	2026-06-21 13:02:55.853525	2	QC
5	3	QC_employee_sneha_iyer	Sneha	Iyer	hr2@quincecapital.com	$2b$10$jMCMc5N4OsxWW/a7WJzKDOkknW8uq1MAoe9hACVURx31f..t2jsJK	9999999005	t	2026-06-21 13:02:55.853525	2	QC
6	2	QC_manager_amit_sharma	Amit	Sharma	it1@quincecapital.com	$2b$10$jMCMc5N4OsxWW/a7WJzKDOkknW8uq1MAoe9hACVURx31f..t2jsJK	9999999006	t	2026-06-21 13:02:55.853525	3	QC
7	3	QC_employee_rohit_kulkarni	Rohit	Kulkarni	it2@quincecapital.com	$2b$10$jMCMc5N4OsxWW/a7WJzKDOkknW8uq1MAoe9hACVURx31f..t2jsJK	9999999007	t	2026-06-21 13:02:55.853525	3	QC
8	2	QC_manager_pooja_deshmukh	Pooja	Deshmukh	finance1@quincecapital.com	$2b$10$jMCMc5N4OsxWW/a7WJzKDOkknW8uq1MAoe9hACVURx31f..t2jsJK	9999999008	t	2026-06-21 13:02:55.853525	4	QC
9	3	QC_employee_neha_joshi	Neha	Joshi	finance2@quincecapital.com	$2b$10$jMCMc5N4OsxWW/a7WJzKDOkknW8uq1MAoe9hACVURx31f..t2jsJK	9999999009	t	2026-06-21 13:02:55.853525	4	QC
10	1	ATNG_admin_vikram_singh	Vikram	Singh	admin@alphatng.com	$2b$10$jMCMc5N4OsxWW/a7WJzKDOkknW8uq1MAoe9hACVURx31f..t2jsJK	9999999010	t	2026-06-21 13:02:55.853525	7	ATNG
11	2	ATNG_manager_karan_patel	Karan	Patel	sales@alphatng.com	$2b$10$jMCMc5N4OsxWW/a7WJzKDOkknW8uq1MAoe9hACVURx31f..t2jsJK	9999999011	t	2026-06-21 13:02:55.853525	5	ATNG
12	2	ATNG_manager_ritika_gupta	Ritika	Gupta	hr@alphatng.com	$2b$10$jMCMc5N4OsxWW/a7WJzKDOkknW8uq1MAoe9hACVURx31f..t2jsJK	9999999012	t	2026-06-21 13:02:55.853525	6	ATNG
13	2	ATNG_manager_aditya_sharma	Aditya	Sharma	it@alphatng.com	$2b$10$jMCMc5N4OsxWW/a7WJzKDOkknW8uq1MAoe9hACVURx31f..t2jsJK	9999999013	t	2026-06-21 13:02:55.853525	7	ATNG
14	2	ATNG_manager_megha_jain	Megha	Jain	finance@alphatng.com	$2b$10$jMCMc5N4OsxWW/a7WJzKDOkknW8uq1MAoe9hACVURx31f..t2jsJK	9999999014	t	2026-06-21 13:02:55.853525	8	ATNG
37	3	QC_employee_krish_bhojwani	krish	bhojwani	k@gmail.com	$2b$10$jMCMc5N4OsxWW/a7WJzKDOkknW8uq1MAoe9hACVURx31f..t2jsJK		t	2026-06-21 13:02:55.853525	1	QC
38	3	QC_employee_krish_bhojwani_2	krish	bhojwani	krish@gmail.com	$2b$10$jMCMc5N4OsxWW/a7WJzKDOkknW8uq1MAoe9hACVURx31f..t2jsJK		t	2026-06-21 13:02:55.853525	1	QC
39	1	QC_admin_krish_bhojwani_2	Krish	Bhojwani	krishtbhojwani@gmail.com	$2b$10$jMCMc5N4OsxWW/a7WJzKDOkknW8uq1MAoe9hACVURx31f..t2jsJK	\N	t	2026-06-21 13:02:55.853525	3	QC
42	1	SAT_ADMIN_NANDU	nandu	gatla	nandu@gmail.com	$2b$10$eZnVxJAJaX11xoBKXvK/E.LMpf01mhAcrfJkiZwdAtqtc0vMNxX3m	\N	t	2026-06-22 10:27:13.162617	\N	SAT
43	3	SAT_EMPLOYEE_KRISH	krish	bhojwani	krish56@gmail.com	$2b$10$pihCAJXseDYb8N8mDZu8X.6iJfvilQKgeCftF4/zHfuP43Q8wZtZ.	\N	t	2026-06-22 10:28:31.456154	\N	SAT
44	3	SAT_EMPLOYEE_temp	temp	temp	sdfg@dfghj.com	$2b$10$bOMgdOu0m6EzsZ4sDVA8aOPyOK/KnBmnuT/Nims5q6i4kIlbPRPLe	\N	t	2026-06-22 10:30:23.594634	\N	SAT
40	4	QC_super_admin_system_admin	System	Admin	superadmin@quincecapital.com	$2b$10$jMCMc5N4OsxWW/a7WJzKDOkknW8uq1MAoe9hACVURx31f..t2jsJK	9999999000	t	2026-06-21 13:02:55.858024	\N	\N
1	4	QC_admin_krish_bhojwani	Krish	Bhojwani	admin@quincecapital.com	$2b$10$jMCMc5N4OsxWW/a7WJzKDOkknW8uq1MAoe9hACVURx31f..t2jsJK	9999999001	t	2026-06-21 13:02:55.853525	\N	\N
45	1	TEMP_krish	krish	bhojwani	krish98765@gmail.com	$2b$10$JgWqW6sjY/B8sIffIB/w2.nH5kMO6dRnhUmWSgdANGB72pVMyHage	\N	t	2026-06-22 14:36:01.196029	\N	TEMP
46	2	ALPHA_Krishsf6	krish	xfghjkl	krishsg6@alphatnd.com	$2b$10$Vl6Ci2ONuyixYsUQ2lazTe5HLDYdDnRx6SbvegYYui/0qQ5Fih2dK	\N	t	2026-06-22 15:38:45.403939	8	ATNG
47	1	TEMP_nandu	Nandu	Gatla	nandugatla29@gmail.com	$2b$10$L2LKqvDI1MTahvo94Ze0a.otYReo.Y7cPz9WLQ3e2maGxBDN66vlq	\N	t	2026-06-23 17:43:39.848622	11	NANDU
48	3	QC_employee_test_user	Test	User	testuser@test.com	$2b$10$Zzj1Kq3MTbGKhpb5BC0jweSzlEzf.wehKiPgP062vvfX.XjD8gnNG		t	2026-06-24 17:57:25.083779	3	QC
\.


--
-- TOC entry 5311 (class 0 OID 0)
-- Dependencies: 220
-- Name: comment_attachments_attachment_id_seq; Type: SEQUENCE SET; Schema: public; Owner: postgres
--

SELECT pg_catalog.setval('public.comment_attachments_attachment_id_seq', 4, true);


--
-- TOC entry 5312 (class 0 OID 0)
-- Dependencies: 222
-- Name: companies_company_id_seq; Type: SEQUENCE SET; Schema: public; Owner: postgres
--

SELECT pg_catalog.setval('public.companies_company_id_seq', 5, true);


--
-- TOC entry 5313 (class 0 OID 0)
-- Dependencies: 224
-- Name: departments_department_id_seq; Type: SEQUENCE SET; Schema: public; Owner: postgres
--

SELECT pg_catalog.setval('public.departments_department_id_seq', 12, true);


--
-- TOC entry 5314 (class 0 OID 0)
-- Dependencies: 226
-- Name: email_configs_id_seq; Type: SEQUENCE SET; Schema: public; Owner: krish
--

SELECT pg_catalog.setval('public.email_configs_id_seq', 5, true);


--
-- TOC entry 5315 (class 0 OID 0)
-- Dependencies: 228
-- Name: roles_role_id_seq; Type: SEQUENCE SET; Schema: public; Owner: postgres
--

SELECT pg_catalog.setval('public.roles_role_id_seq', 5, true);


--
-- TOC entry 5316 (class 0 OID 0)
-- Dependencies: 230
-- Name: tags_tag_id_seq; Type: SEQUENCE SET; Schema: public; Owner: postgres
--

SELECT pg_catalog.setval('public.tags_tag_id_seq', 18, true);


--
-- TOC entry 5317 (class 0 OID 0)
-- Dependencies: 232
-- Name: test_gen_table_id_seq; Type: SEQUENCE SET; Schema: public; Owner: postgres
--

SELECT pg_catalog.setval('public.test_gen_table_id_seq', 2, true);


--
-- TOC entry 5318 (class 0 OID 0)
-- Dependencies: 234
-- Name: ticket_attachments_attachment_id_seq; Type: SEQUENCE SET; Schema: public; Owner: postgres
--

SELECT pg_catalog.setval('public.ticket_attachments_attachment_id_seq', 2, true);


--
-- TOC entry 5319 (class 0 OID 0)
-- Dependencies: 236
-- Name: ticket_categories_category_id_seq; Type: SEQUENCE SET; Schema: public; Owner: postgres
--

SELECT pg_catalog.setval('public.ticket_categories_category_id_seq', 15, true);


--
-- TOC entry 5320 (class 0 OID 0)
-- Dependencies: 238
-- Name: ticket_comments_comment_id_seq; Type: SEQUENCE SET; Schema: public; Owner: postgres
--

SELECT pg_catalog.setval('public.ticket_comments_comment_id_seq', 20, true);


--
-- TOC entry 5321 (class 0 OID 0)
-- Dependencies: 254
-- Name: ticket_freeform_tags_id_seq; Type: SEQUENCE SET; Schema: public; Owner: krish
--

SELECT pg_catalog.setval('public.ticket_freeform_tags_id_seq', 1, true);


--
-- TOC entry 5322 (class 0 OID 0)
-- Dependencies: 240
-- Name: ticket_history_history_id_seq; Type: SEQUENCE SET; Schema: public; Owner: postgres
--

SELECT pg_catalog.setval('public.ticket_history_history_id_seq', 74, true);


--
-- TOC entry 5323 (class 0 OID 0)
-- Dependencies: 242
-- Name: ticket_priorities_priority_id_seq; Type: SEQUENCE SET; Schema: public; Owner: postgres
--

SELECT pg_catalog.setval('public.ticket_priorities_priority_id_seq', 21, true);


--
-- TOC entry 5324 (class 0 OID 0)
-- Dependencies: 244
-- Name: ticket_statuses_status_id_seq; Type: SEQUENCE SET; Schema: public; Owner: postgres
--

SELECT pg_catalog.setval('public.ticket_statuses_status_id_seq', 23, true);


--
-- TOC entry 5325 (class 0 OID 0)
-- Dependencies: 246
-- Name: ticket_subcategories_subcategory_id_seq; Type: SEQUENCE SET; Schema: public; Owner: postgres
--

SELECT pg_catalog.setval('public.ticket_subcategories_subcategory_id_seq', 19, true);


--
-- TOC entry 5326 (class 0 OID 0)
-- Dependencies: 248
-- Name: ticket_time_entries_entry_id_seq; Type: SEQUENCE SET; Schema: public; Owner: postgres
--

SELECT pg_catalog.setval('public.ticket_time_entries_entry_id_seq', 88, true);


--
-- TOC entry 5327 (class 0 OID 0)
-- Dependencies: 250
-- Name: tickets_ticket_id_seq; Type: SEQUENCE SET; Schema: public; Owner: postgres
--

SELECT pg_catalog.setval('public.tickets_ticket_id_seq', 25, true);


--
-- TOC entry 5328 (class 0 OID 0)
-- Dependencies: 252
-- Name: users_user_serial_no_seq; Type: SEQUENCE SET; Schema: public; Owner: postgres
--

SELECT pg_catalog.setval('public.users_user_serial_no_seq', 48, true);


--
-- TOC entry 5011 (class 2606 OID 20500)
-- Name: comment_attachments comment_attachments_pkey; Type: CONSTRAINT; Schema: public; Owner: postgres
--

ALTER TABLE ONLY public.comment_attachments
    ADD CONSTRAINT comment_attachments_pkey PRIMARY KEY (attachment_id);


--
-- TOC entry 5014 (class 2606 OID 20502)
-- Name: companies companies_company_code_key; Type: CONSTRAINT; Schema: public; Owner: postgres
--

ALTER TABLE ONLY public.companies
    ADD CONSTRAINT companies_company_code_key UNIQUE (company_code);


--
-- TOC entry 5016 (class 2606 OID 20504)
-- Name: companies companies_pkey; Type: CONSTRAINT; Schema: public; Owner: postgres
--

ALTER TABLE ONLY public.companies
    ADD CONSTRAINT companies_pkey PRIMARY KEY (company_id);


--
-- TOC entry 5018 (class 2606 OID 20506)
-- Name: departments departments_pkey; Type: CONSTRAINT; Schema: public; Owner: postgres
--

ALTER TABLE ONLY public.departments
    ADD CONSTRAINT departments_pkey PRIMARY KEY (department_id);


--
-- TOC entry 5020 (class 2606 OID 20508)
-- Name: email_configs email_configs_pkey; Type: CONSTRAINT; Schema: public; Owner: krish
--

ALTER TABLE ONLY public.email_configs
    ADD CONSTRAINT email_configs_pkey PRIMARY KEY (id);


--
-- TOC entry 5073 (class 2606 OID 20668)
-- Name: ticket_tags pk_ticket_tags; Type: CONSTRAINT; Schema: public; Owner: krish
--

ALTER TABLE ONLY public.ticket_tags
    ADD CONSTRAINT pk_ticket_tags PRIMARY KEY (ticket_id, tag_id);


--
-- TOC entry 5023 (class 2606 OID 20510)
-- Name: roles roles_pkey; Type: CONSTRAINT; Schema: public; Owner: postgres
--

ALTER TABLE ONLY public.roles
    ADD CONSTRAINT roles_pkey PRIMARY KEY (role_id);


--
-- TOC entry 5025 (class 2606 OID 20512)
-- Name: roles roles_role_name_key; Type: CONSTRAINT; Schema: public; Owner: postgres
--

ALTER TABLE ONLY public.roles
    ADD CONSTRAINT roles_role_name_key UNIQUE (role_name);


--
-- TOC entry 5028 (class 2606 OID 20514)
-- Name: tags tags_pkey; Type: CONSTRAINT; Schema: public; Owner: postgres
--

ALTER TABLE ONLY public.tags
    ADD CONSTRAINT tags_pkey PRIMARY KEY (tag_id);


--
-- TOC entry 5030 (class 2606 OID 20516)
-- Name: test_gen_table test_gen_table_pkey; Type: CONSTRAINT; Schema: public; Owner: postgres
--

ALTER TABLE ONLY public.test_gen_table
    ADD CONSTRAINT test_gen_table_pkey PRIMARY KEY (id);


--
-- TOC entry 5032 (class 2606 OID 20518)
-- Name: ticket_attachments ticket_attachments_pkey; Type: CONSTRAINT; Schema: public; Owner: postgres
--

ALTER TABLE ONLY public.ticket_attachments
    ADD CONSTRAINT ticket_attachments_pkey PRIMARY KEY (attachment_id);


--
-- TOC entry 5035 (class 2606 OID 20520)
-- Name: ticket_categories ticket_categories_pkey; Type: CONSTRAINT; Schema: public; Owner: postgres
--

ALTER TABLE ONLY public.ticket_categories
    ADD CONSTRAINT ticket_categories_pkey PRIMARY KEY (category_id);


--
-- TOC entry 5038 (class 2606 OID 20522)
-- Name: ticket_comments ticket_comments_pkey; Type: CONSTRAINT; Schema: public; Owner: postgres
--

ALTER TABLE ONLY public.ticket_comments
    ADD CONSTRAINT ticket_comments_pkey PRIMARY KEY (comment_id);


--
-- TOC entry 5078 (class 2606 OID 20694)
-- Name: ticket_freeform_tags ticket_freeform_tags_pkey; Type: CONSTRAINT; Schema: public; Owner: krish
--

ALTER TABLE ONLY public.ticket_freeform_tags
    ADD CONSTRAINT ticket_freeform_tags_pkey PRIMARY KEY (id);


--
-- TOC entry 5041 (class 2606 OID 20524)
-- Name: ticket_history ticket_history_pkey; Type: CONSTRAINT; Schema: public; Owner: postgres
--

ALTER TABLE ONLY public.ticket_history
    ADD CONSTRAINT ticket_history_pkey PRIMARY KEY (history_id);


--
-- TOC entry 5044 (class 2606 OID 20526)
-- Name: ticket_priorities ticket_priorities_pkey; Type: CONSTRAINT; Schema: public; Owner: postgres
--

ALTER TABLE ONLY public.ticket_priorities
    ADD CONSTRAINT ticket_priorities_pkey PRIMARY KEY (priority_id);


--
-- TOC entry 5046 (class 2606 OID 20528)
-- Name: ticket_statuses ticket_statuses_pkey; Type: CONSTRAINT; Schema: public; Owner: postgres
--

ALTER TABLE ONLY public.ticket_statuses
    ADD CONSTRAINT ticket_statuses_pkey PRIMARY KEY (status_id);


--
-- TOC entry 5048 (class 2606 OID 20530)
-- Name: ticket_subcategories ticket_subcategories_pkey; Type: CONSTRAINT; Schema: public; Owner: postgres
--

ALTER TABLE ONLY public.ticket_subcategories
    ADD CONSTRAINT ticket_subcategories_pkey PRIMARY KEY (subcategory_id);


--
-- TOC entry 5052 (class 2606 OID 20532)
-- Name: ticket_time_entries ticket_time_entries_pkey; Type: CONSTRAINT; Schema: public; Owner: postgres
--

ALTER TABLE ONLY public.ticket_time_entries
    ADD CONSTRAINT ticket_time_entries_pkey PRIMARY KEY (entry_id);


--
-- TOC entry 5061 (class 2606 OID 20534)
-- Name: tickets tickets_pkey; Type: CONSTRAINT; Schema: public; Owner: postgres
--

ALTER TABLE ONLY public.tickets
    ADD CONSTRAINT tickets_pkey PRIMARY KEY (ticket_id);


--
-- TOC entry 5063 (class 2606 OID 20536)
-- Name: tickets tickets_ticket_no_key; Type: CONSTRAINT; Schema: public; Owner: postgres
--

ALTER TABLE ONLY public.tickets
    ADD CONSTRAINT tickets_ticket_no_key UNIQUE (ticket_no);


--
-- TOC entry 5065 (class 2606 OID 20538)
-- Name: users users_email_key; Type: CONSTRAINT; Schema: public; Owner: postgres
--

ALTER TABLE ONLY public.users
    ADD CONSTRAINT users_email_key UNIQUE (email);


--
-- TOC entry 5067 (class 2606 OID 20540)
-- Name: users users_pkey; Type: CONSTRAINT; Schema: public; Owner: postgres
--

ALTER TABLE ONLY public.users
    ADD CONSTRAINT users_pkey PRIMARY KEY (user_serial_no);


--
-- TOC entry 5069 (class 2606 OID 20542)
-- Name: users users_user_code_key; Type: CONSTRAINT; Schema: public; Owner: postgres
--

ALTER TABLE ONLY public.users
    ADD CONSTRAINT users_user_code_key UNIQUE (user_code);


--
-- TOC entry 5012 (class 1259 OID 20543)
-- Name: idx_comment_attachments_comment; Type: INDEX; Schema: public; Owner: postgres
--

CREATE INDEX idx_comment_attachments_comment ON public.comment_attachments USING btree (comment_id);


--
-- TOC entry 5036 (class 1259 OID 20544)
-- Name: idx_comments_ticket; Type: INDEX; Schema: public; Owner: postgres
--

CREATE INDEX idx_comments_ticket ON public.ticket_comments USING btree (ticket_id);


--
-- TOC entry 5021 (class 1259 OID 20545)
-- Name: idx_email_configs_company_active; Type: INDEX; Schema: public; Owner: krish
--

CREATE INDEX idx_email_configs_company_active ON public.email_configs USING btree (company_code, is_active);


--
-- TOC entry 5074 (class 1259 OID 20701)
-- Name: idx_freeform_tags_company; Type: INDEX; Schema: public; Owner: krish
--

CREATE INDEX idx_freeform_tags_company ON public.ticket_freeform_tags USING btree (company_code);


--
-- TOC entry 5075 (class 1259 OID 20702)
-- Name: idx_freeform_tags_message; Type: INDEX; Schema: public; Owner: krish
--

CREATE INDEX idx_freeform_tags_message ON public.ticket_freeform_tags USING btree (company_code, lower((tag_message)::text));


--
-- TOC entry 5076 (class 1259 OID 20700)
-- Name: idx_freeform_tags_ticket; Type: INDEX; Schema: public; Owner: krish
--

CREATE INDEX idx_freeform_tags_ticket ON public.ticket_freeform_tags USING btree (ticket_id);


--
-- TOC entry 5039 (class 1259 OID 20546)
-- Name: idx_history_ticket; Type: INDEX; Schema: public; Owner: postgres
--

CREATE INDEX idx_history_ticket ON public.ticket_history USING btree (ticket_id);


--
-- TOC entry 5026 (class 1259 OID 20547)
-- Name: idx_tags_company; Type: INDEX; Schema: public; Owner: postgres
--

CREATE INDEX idx_tags_company ON public.tags USING btree (company_code);


--
-- TOC entry 5033 (class 1259 OID 20548)
-- Name: idx_ticket_categories_company; Type: INDEX; Schema: public; Owner: postgres
--

CREATE INDEX idx_ticket_categories_company ON public.ticket_categories USING btree (company_code);


--
-- TOC entry 5053 (class 1259 OID 20549)
-- Name: idx_ticket_no; Type: INDEX; Schema: public; Owner: postgres
--

CREATE INDEX idx_ticket_no ON public.tickets USING btree (ticket_no);


--
-- TOC entry 5042 (class 1259 OID 20550)
-- Name: idx_ticket_priorities_company; Type: INDEX; Schema: public; Owner: postgres
--

CREATE INDEX idx_ticket_priorities_company ON public.ticket_priorities USING btree (company_code);


--
-- TOC entry 5054 (class 1259 OID 20551)
-- Name: idx_ticket_subject; Type: INDEX; Schema: public; Owner: postgres
--

CREATE INDEX idx_ticket_subject ON public.tickets USING btree (subject);


--
-- TOC entry 5070 (class 1259 OID 20679)
-- Name: idx_ticket_tags_tag; Type: INDEX; Schema: public; Owner: krish
--

CREATE INDEX idx_ticket_tags_tag ON public.ticket_tags USING btree (tag_id);


--
-- TOC entry 5071 (class 1259 OID 20680)
-- Name: idx_ticket_tags_ticket; Type: INDEX; Schema: public; Owner: krish
--

CREATE INDEX idx_ticket_tags_ticket ON public.ticket_tags USING btree (ticket_id);


--
-- TOC entry 5055 (class 1259 OID 20552)
-- Name: idx_tickets_assigned; Type: INDEX; Schema: public; Owner: postgres
--

CREATE INDEX idx_tickets_assigned ON public.tickets USING btree (assigned_to_user_code);


--
-- TOC entry 5056 (class 1259 OID 20553)
-- Name: idx_tickets_category; Type: INDEX; Schema: public; Owner: postgres
--

CREATE INDEX idx_tickets_category ON public.tickets USING btree (category_id);


--
-- TOC entry 5057 (class 1259 OID 20554)
-- Name: idx_tickets_priority; Type: INDEX; Schema: public; Owner: postgres
--

CREATE INDEX idx_tickets_priority ON public.tickets USING btree (priority_id);


--
-- TOC entry 5058 (class 1259 OID 20555)
-- Name: idx_tickets_raised; Type: INDEX; Schema: public; Owner: postgres
--

CREATE INDEX idx_tickets_raised ON public.tickets USING btree (raised_by_user_code);


--
-- TOC entry 5059 (class 1259 OID 20556)
-- Name: idx_tickets_status; Type: INDEX; Schema: public; Owner: postgres
--

CREATE INDEX idx_tickets_status ON public.tickets USING btree (status_id);


--
-- TOC entry 5049 (class 1259 OID 20557)
-- Name: idx_time_entries_ticket; Type: INDEX; Schema: public; Owner: postgres
--

CREATE INDEX idx_time_entries_ticket ON public.ticket_time_entries USING btree (ticket_id);


--
-- TOC entry 5050 (class 1259 OID 20558)
-- Name: idx_time_entries_user; Type: INDEX; Schema: public; Owner: postgres
--

CREATE INDEX idx_time_entries_user ON public.ticket_time_entries USING btree (user_code);


--
-- TOC entry 5102 (class 2620 OID 20559)
-- Name: tickets tickets_company_seq_trigger; Type: TRIGGER; Schema: public; Owner: postgres
--

CREATE TRIGGER tickets_company_seq_trigger BEFORE INSERT ON public.tickets FOR EACH ROW EXECUTE FUNCTION public.set_company_ticket_serial();


--
-- TOC entry 5081 (class 2606 OID 20560)
-- Name: ticket_attachments fk_attachment_ticket; Type: FK CONSTRAINT; Schema: public; Owner: postgres
--

ALTER TABLE ONLY public.ticket_attachments
    ADD CONSTRAINT fk_attachment_ticket FOREIGN KEY (ticket_id) REFERENCES public.tickets(ticket_id);


--
-- TOC entry 5082 (class 2606 OID 20565)
-- Name: ticket_categories fk_category_company; Type: FK CONSTRAINT; Schema: public; Owner: postgres
--

ALTER TABLE ONLY public.ticket_categories
    ADD CONSTRAINT fk_category_company FOREIGN KEY (company_code) REFERENCES public.companies(company_code) ON DELETE CASCADE;


--
-- TOC entry 5079 (class 2606 OID 20570)
-- Name: comment_attachments fk_comment_attachment_comment; Type: FK CONSTRAINT; Schema: public; Owner: postgres
--

ALTER TABLE ONLY public.comment_attachments
    ADD CONSTRAINT fk_comment_attachment_comment FOREIGN KEY (comment_id) REFERENCES public.ticket_comments(comment_id) ON DELETE CASCADE;


--
-- TOC entry 5084 (class 2606 OID 20575)
-- Name: ticket_comments fk_comment_ticket; Type: FK CONSTRAINT; Schema: public; Owner: postgres
--

ALTER TABLE ONLY public.ticket_comments
    ADD CONSTRAINT fk_comment_ticket FOREIGN KEY (ticket_id) REFERENCES public.tickets(ticket_id);


--
-- TOC entry 5085 (class 2606 OID 20580)
-- Name: ticket_history fk_history_ticket; Type: FK CONSTRAINT; Schema: public; Owner: postgres
--

ALTER TABLE ONLY public.ticket_history
    ADD CONSTRAINT fk_history_ticket FOREIGN KEY (ticket_id) REFERENCES public.tickets(ticket_id);


--
-- TOC entry 5086 (class 2606 OID 20585)
-- Name: ticket_priorities fk_priority_company; Type: FK CONSTRAINT; Schema: public; Owner: postgres
--

ALTER TABLE ONLY public.ticket_priorities
    ADD CONSTRAINT fk_priority_company FOREIGN KEY (company_code) REFERENCES public.companies(company_code) ON DELETE CASCADE;


--
-- TOC entry 5088 (class 2606 OID 20590)
-- Name: ticket_statuses fk_status_company; Type: FK CONSTRAINT; Schema: public; Owner: postgres
--

ALTER TABLE ONLY public.ticket_statuses
    ADD CONSTRAINT fk_status_company FOREIGN KEY (company_code) REFERENCES public.companies(company_code) ON DELETE CASCADE;


--
-- TOC entry 5089 (class 2606 OID 20595)
-- Name: ticket_subcategories fk_subcategory_category; Type: FK CONSTRAINT; Schema: public; Owner: postgres
--

ALTER TABLE ONLY public.ticket_subcategories
    ADD CONSTRAINT fk_subcategory_category FOREIGN KEY (category_id) REFERENCES public.ticket_categories(category_id);


--
-- TOC entry 5090 (class 2606 OID 20600)
-- Name: ticket_subcategories fk_subcategory_company; Type: FK CONSTRAINT; Schema: public; Owner: postgres
--

ALTER TABLE ONLY public.ticket_subcategories
    ADD CONSTRAINT fk_subcategory_company FOREIGN KEY (company_code) REFERENCES public.companies(company_code) ON DELETE CASCADE;


--
-- TOC entry 5080 (class 2606 OID 20605)
-- Name: tags fk_tags_company; Type: FK CONSTRAINT; Schema: public; Owner: postgres
--

ALTER TABLE ONLY public.tags
    ADD CONSTRAINT fk_tags_company FOREIGN KEY (company_code) REFERENCES public.companies(company_code);


--
-- TOC entry 5083 (class 2606 OID 20610)
-- Name: ticket_categories fk_ticket_categories_company; Type: FK CONSTRAINT; Schema: public; Owner: postgres
--

ALTER TABLE ONLY public.ticket_categories
    ADD CONSTRAINT fk_ticket_categories_company FOREIGN KEY (company_code) REFERENCES public.companies(company_code);


--
-- TOC entry 5092 (class 2606 OID 20615)
-- Name: tickets fk_ticket_category; Type: FK CONSTRAINT; Schema: public; Owner: postgres
--

ALTER TABLE ONLY public.tickets
    ADD CONSTRAINT fk_ticket_category FOREIGN KEY (category_id) REFERENCES public.ticket_categories(category_id);


--
-- TOC entry 5087 (class 2606 OID 20620)
-- Name: ticket_priorities fk_ticket_priorities_company; Type: FK CONSTRAINT; Schema: public; Owner: postgres
--

ALTER TABLE ONLY public.ticket_priorities
    ADD CONSTRAINT fk_ticket_priorities_company FOREIGN KEY (company_code) REFERENCES public.companies(company_code);


--
-- TOC entry 5093 (class 2606 OID 20625)
-- Name: tickets fk_ticket_priority; Type: FK CONSTRAINT; Schema: public; Owner: postgres
--

ALTER TABLE ONLY public.tickets
    ADD CONSTRAINT fk_ticket_priority FOREIGN KEY (priority_id) REFERENCES public.ticket_priorities(priority_id);


--
-- TOC entry 5094 (class 2606 OID 20630)
-- Name: tickets fk_ticket_status; Type: FK CONSTRAINT; Schema: public; Owner: postgres
--

ALTER TABLE ONLY public.tickets
    ADD CONSTRAINT fk_ticket_status FOREIGN KEY (status_id) REFERENCES public.ticket_statuses(status_id);


--
-- TOC entry 5095 (class 2606 OID 20635)
-- Name: tickets fk_ticket_subcategory; Type: FK CONSTRAINT; Schema: public; Owner: postgres
--

ALTER TABLE ONLY public.tickets
    ADD CONSTRAINT fk_ticket_subcategory FOREIGN KEY (subcategory_id) REFERENCES public.ticket_subcategories(subcategory_id);


--
-- TOC entry 5099 (class 2606 OID 20674)
-- Name: ticket_tags fk_ticket_tags_tag; Type: FK CONSTRAINT; Schema: public; Owner: krish
--

ALTER TABLE ONLY public.ticket_tags
    ADD CONSTRAINT fk_ticket_tags_tag FOREIGN KEY (tag_id) REFERENCES public.tags(tag_id) ON DELETE CASCADE;


--
-- TOC entry 5100 (class 2606 OID 20669)
-- Name: ticket_tags fk_ticket_tags_ticket; Type: FK CONSTRAINT; Schema: public; Owner: krish
--

ALTER TABLE ONLY public.ticket_tags
    ADD CONSTRAINT fk_ticket_tags_ticket FOREIGN KEY (ticket_id) REFERENCES public.tickets(ticket_id) ON DELETE CASCADE;


--
-- TOC entry 5096 (class 2606 OID 20640)
-- Name: tickets fk_tickets_department; Type: FK CONSTRAINT; Schema: public; Owner: postgres
--

ALTER TABLE ONLY public.tickets
    ADD CONSTRAINT fk_tickets_department FOREIGN KEY (department_id) REFERENCES public.departments(department_id);


--
-- TOC entry 5097 (class 2606 OID 20645)
-- Name: users fk_users_department; Type: FK CONSTRAINT; Schema: public; Owner: postgres
--

ALTER TABLE ONLY public.users
    ADD CONSTRAINT fk_users_department FOREIGN KEY (department_id) REFERENCES public.departments(department_id);


--
-- TOC entry 5098 (class 2606 OID 20650)
-- Name: users fk_users_role; Type: FK CONSTRAINT; Schema: public; Owner: postgres
--

ALTER TABLE ONLY public.users
    ADD CONSTRAINT fk_users_role FOREIGN KEY (role_id) REFERENCES public.roles(role_id);


--
-- TOC entry 5101 (class 2606 OID 20695)
-- Name: ticket_freeform_tags ticket_freeform_tags_ticket_id_fkey; Type: FK CONSTRAINT; Schema: public; Owner: krish
--

ALTER TABLE ONLY public.ticket_freeform_tags
    ADD CONSTRAINT ticket_freeform_tags_ticket_id_fkey FOREIGN KEY (ticket_id) REFERENCES public.tickets(ticket_id) ON DELETE CASCADE;


--
-- TOC entry 5091 (class 2606 OID 20655)
-- Name: ticket_time_entries ticket_time_entries_ticket_id_fkey; Type: FK CONSTRAINT; Schema: public; Owner: postgres
--

ALTER TABLE ONLY public.ticket_time_entries
    ADD CONSTRAINT ticket_time_entries_ticket_id_fkey FOREIGN KEY (ticket_id) REFERENCES public.tickets(ticket_id) ON DELETE CASCADE;


--
-- TOC entry 5293 (class 0 OID 0)
-- Dependencies: 5
-- Name: SCHEMA public; Type: ACL; Schema: -; Owner: krish
--

REVOKE USAGE ON SCHEMA public FROM PUBLIC;


-- Completed on 2026-06-25 16:17:23

--
-- PostgreSQL database dump complete
--

\unrestrict FR9K2wL6WFVhWYhONnajG5aaDeh78dUd5b4DAXdCtk5oHv7OBJCSqG1Ys2gxwjE

